,Unnamed: 0,index,title,description,date,url,source-url,source-name,text
0,515,16,"‘I respect Munawar Faruqui for accepting his mistakes,’ says Bigg Boss 17 contestant Ayesha Khan’s brother - The Indian Express","‘I respect Munawar Faruqui for accepting his mistakes,’ says Bigg Boss 17 contestant Ayesha Khan’s brother  The Indian Express",2024-01-10 08:00:00,https://news.google.com/rss/articles/CBMiqgFodHRwczovL2luZGlhbmV4cHJlc3MuY29tL2FydGljbGUvZW50ZXJ0YWlubWVudC90ZWxldmlzaW9uL2ktcmVzcGVjdC1tdW5hd2FyLWZhcnVxdWktZm9yLWFjY2VwdGluZy1oaXMtbWlzdGFrZXMtc2F5cy1iaWdnLWJvc3MtMTctY29udGVzdGFudC1heWVzaGEta2hhbnMtYnJvdGhlci05MTAzODA2L9IBrwFodHRwczovL2luZGlhbmV4cHJlc3MuY29tL2FydGljbGUvZW50ZXJ0YWlubWVudC90ZWxldmlzaW9uL2ktcmVzcGVjdC1tdW5hd2FyLWZhcnVxdWktZm9yLWFjY2VwdGluZy1oaXMtbWlzdGFrZXMtc2F5cy1iaWdnLWJvc3MtMTctY29udGVzdGFudC1heWVzaGEta2hhbnMtYnJvdGhlci05MTAzODA2L2xpdGUv?oc=5&hl=en-IN&gl=IN&ceid=IN:en,https://indianexpress.com,The Indian Express,
1,421,22,"Maldives, China sign 20 agreements after Muizzu-Xi meeting amid diplomatic row with India - The Indian Express","Maldives, China sign 20 agreements after Muizzu-Xi meeting amid diplomatic row with India  The Indian Express",2024-01-10 08:00:00,https://news.google.com/rss/articles/CBMiZmh0dHBzOi8vaW5kaWFuZXhwcmVzcy5jb20vYXJ0aWNsZS93b3JsZC9tYWxkaXZlcy1jaGluYS1tdWl6enUteGktbWVldGluZy1kaXBsb21hdGljLXJvdy1pbmRpYS05MTAzODM0L9IBa2h0dHBzOi8vaW5kaWFuZXhwcmVzcy5jb20vYXJ0aWNsZS93b3JsZC9tYWxkaXZlcy1jaGluYS1tdWl6enUteGktbWVldGluZy1kaXBsb21hdGljLXJvdy1pbmRpYS05MTAzODM0L2xpdGUv?oc=5&hl=en-IN&gl=IN&ceid=IN:en,https://indianexpress.com,The Indian Express,
2,411,12,"12th Fail fame IPS Manoj Kumar Sharma reveals Shah Rukh Khan, Amitabh Bachchan, Salman perform for free at Mumbai Police’s event: ‘Gazab mehnat…’ - The Indian Express","12th Fail fame IPS Manoj Kumar Sharma reveals Shah Rukh Khan, Amitabh Bachchan, Salman perform for free at Mumbai Police’s event: ‘Gazab mehnat…’  The Indian Express",2024-01-10 08:00:00,https://news.google.com/rss/articles/CBMizAFodHRwczovL2luZGlhbmV4cHJlc3MuY29tL2FydGljbGUvZW50ZXJ0YWlubWVudC9ib2xseXdvb2QvMTJ0aC1mYWlsLWZhbWUtaXBzLW1hbm9qLWt1bWFyLXNoYXJtYS1yZXZlYWxzLXNoYWgtcnVraC1raGFuLWFtaXRhYmgtYmFjaGNoYW4tc2FsbWFuLWtoYW4tcGVyZm9ybS1mb3ItZnJlZS1hdC1tdW1iYWktcG9saWNlcy1hbm51YWwtZXZlbnQtOTEwMzM3MS_SAdEBaHR0cHM6Ly9pbmRpYW5leHByZXNzLmNvbS9hcnRpY2xlL2VudGVydGFpbm1lbnQvYm9sbHl3b29kLzEydGgtZmFpbC1mYW1lLWlwcy1tYW5vai1rdW1hci1zaGFybWEtcmV2ZWFscy1zaGFoLXJ1a2gta2hhbi1hbWl0YWJoLWJhY2hjaGFuLXNhbG1hbi1raGFuLXBlcmZvcm0tZm9yLWZyZWUtYXQtbXVtYmFpLXBvbGljZXMtYW5udWFsLWV2ZW50LTkxMDMzNzEvbGl0ZS8?oc=5&hl=en-IN&gl=IN&ceid=IN:en,https://indianexpress.com,The Indian Express,
3,819,20,Mahesh Babu in tears at Guntur Kaaram event: ‘My dad isn’t here. You all are my mom and dad’ - The Indian Express,Mahesh Babu in tears at Guntur Kaaram event: ‘My dad isn’t here. You all are my mom and dad’  The Indian Express,2024-01-10 08:00:00,https://news.google.com/rss/articles/CBMilwFodHRwczovL2luZGlhbmV4cHJlc3MuY29tL2FydGljbGUvZW50ZXJ0YWlubWVudC90ZWx1Z3UvbWFoZXNoLWJhYnUtaW4tdGVhcnMtYXQtZ3VudHVyLWthYXJhbS1ldmVudC1teS1kYWQtaXNudC1oZXJlLXlvdS1hbGwtYXJlLW15LW1vbS1hbmQtZGFkLTkxMDMwNTIv0gGcAWh0dHBzOi8vaW5kaWFuZXhwcmVzcy5jb20vYXJ0aWNsZS9lbnRlcnRhaW5tZW50L3RlbHVndS9tYWhlc2gtYmFidS1pbi10ZWFycy1hdC1ndW50dXIta2FhcmFtLWV2ZW50LW15LWRhZC1pc250LWhlcmUteW91LWFsbC1hcmUtbXktbW9tLWFuZC1kYWQtOTEwMzA1Mi9saXRlLw?oc=5&hl=en-IN&gl=IN&ceid=IN:en,https://indianexpress.com,The Indian Express,
4,116,17,‘Behave like animals’: Find out more about this IFS officer’s advice for tourists - The Indian Express,‘Behave like animals’: Find out more about this IFS officer’s advice for tourists  The Indian Express,2024-01-10 11:49:22,https://news.google.com/rss/articles/CBMidmh0dHBzOi8vaW5kaWFuZXhwcmVzcy5jb20vYXJ0aWNsZS90cmVuZGluZy90cmVuZGluZy1pbi1pbmRpYS9iZWhhdmUtbGlrZS1hbmltYWxzLWlmcy1vZmZpY2Vycy1hZHZpY2UtdG91cmlzdHMtOTEwMzU0Ny_SAXtodHRwczovL2luZGlhbmV4cHJlc3MuY29tL2FydGljbGUvdHJlbmRpbmcvdHJlbmRpbmctaW4taW5kaWEvYmVoYXZlLWxpa2UtYW5pbWFscy1pZnMtb2ZmaWNlcnMtYWR2aWNlLXRvdXJpc3RzLTkxMDM1NDcvbGl0ZS8?oc=5&hl=en-IN&gl=IN&ceid=IN:en,https://indianexpress.com,The Indian Express,
5,15,16,"India-Maldives ties: Amid row, why the two countries need each other and what is at stake - The Indian Express","India-Maldives ties: Amid row, why the two countries need each other and what is at stake  The Indian Express",2024-01-11 02:00:42,https://news.google.com/rss/articles/CBMiXWh0dHBzOi8vaW5kaWFuZXhwcmVzcy5jb20vYXJ0aWNsZS9leHBsYWluZWQvaW5kaWEtYW5kLW1hbGRpdmVzLW9sZC10aWVzLW5ldy10ZW5zaW9ucy05MTA0MTIzL9IBYmh0dHBzOi8vaW5kaWFuZXhwcmVzcy5jb20vYXJ0aWNsZS9leHBsYWluZWQvaW5kaWEtYW5kLW1hbGRpdmVzLW9sZC10aWVzLW5ldy10ZW5zaW9ucy05MTA0MTIzL2xpdGUv?oc=5&hl=en-IN&gl=IN&ceid=IN:en,https://indianexpress.com,The Indian Express,
6,406,7,"Neetu Kapoor says Rishi Kapoor ‘was never a friend to Riddhima and Ranbir Kapoor’, opens up about late husband’s last days - The Indian Express","Neetu Kapoor says Rishi Kapoor ‘was never a friend to Riddhima and Ranbir Kapoor’, opens up about late husband’s last days  The Indian Express",2024-01-11 03:58:26,https://news.google.com/rss/articles/CBMixgFodHRwczovL2luZGlhbmV4cHJlc3MuY29tL2FydGljbGUvZW50ZXJ0YWlubWVudC9ib2xseXdvb2QvbmVldHUta2Fwb29yLXJlbWVtYmVycy10aGUtbGF0ZS1yaXNoaS1rYXBvb3Itb24ta29mZmVlLXdpdGgta2FyYW4tc2Vhc29uLTgtc2F5cy1oZS13YXMtbmV2ZXItYS1mcmllbmQtdG8tcmFuYmlyLWFuZC1yaWRkaGltYS1rYXBvb3ItOTEwNDM3Ni_SAcsBaHR0cHM6Ly9pbmRpYW5leHByZXNzLmNvbS9hcnRpY2xlL2VudGVydGFpbm1lbnQvYm9sbHl3b29kL25lZXR1LWthcG9vci1yZW1lbWJlcnMtdGhlLWxhdGUtcmlzaGkta2Fwb29yLW9uLWtvZmZlZS13aXRoLWthcmFuLXNlYXNvbi04LXNheXMtaGUtd2FzLW5ldmVyLWEtZnJpZW5kLXRvLXJhbmJpci1hbmQtcmlkZGhpbWEta2Fwb29yLTkxMDQzNzYvbGl0ZS8?oc=5&hl=en-IN&gl=IN&ceid=IN:en,https://indianexpress.com,The Indian Express,
7,11,12,"Twinkle Khanna told Rinke’s husband they had ‘different fathers’, left sister livid: ‘My dad’s Vinod Khanna, hers is Rajesh Khanna’ - The Indian Express","Twinkle Khanna told Rinke’s husband they had ‘different fathers’, left sister livid: ‘My dad’s Vinod Khanna, hers is Rajesh Khanna’  The Indian Express",2024-01-11 08:00:00,https://news.google.com/rss/articles/CBMisgFodHRwczovL2luZGlhbmV4cHJlc3MuY29tL2FydGljbGUvZW50ZXJ0YWlubWVudC9ib2xseXdvb2QvdHdpbmtsZS1raGFubmEtc2hhcmVzLXVuc2Vlbi1waWN0dXJlLXdpdGgtc2lzdGVyLXJpbmtlLWFuZC1mYXRoZXItcmFqZXNoLWtoYW5uYS1zaGUtaXMtdGhlLWZpcnN0LW9uZS1ieS1teS1zaWRlLTkxMDU0OTkv0gG3AWh0dHBzOi8vaW5kaWFuZXhwcmVzcy5jb20vYXJ0aWNsZS9lbnRlcnRhaW5tZW50L2JvbGx5d29vZC90d2lua2xlLWtoYW5uYS1zaGFyZXMtdW5zZWVuLXBpY3R1cmUtd2l0aC1zaXN0ZXItcmlua2UtYW5kLWZhdGhlci1yYWplc2gta2hhbm5hLXNoZS1pcy10aGUtZmlyc3Qtb25lLWJ5LW15LXNpZGUtOTEwNTQ5OS9saXRlLw?oc=5&hl=en-IN&gl=IN&ceid=IN:en,https://indianexpress.com,The Indian Express,
8,911,12,Bigg Boss 17: Upset Ankita Lokhande asks husband Vicky Jain if he wants to take a break from her. Watch - The Indian Express,Bigg Boss 17: Upset Ankita Lokhande asks husband Vicky Jain if he wants to take a break from her. Watch  The Indian Express,2024-01-11 08:00:00,https://news.google.com/rss/articles/CBMipAFodHRwczovL2luZGlhbmV4cHJlc3MuY29tL2FydGljbGUvZW50ZXJ0YWlubWVudC90ZWxldmlzaW9uL2JpZ2ctYm9zcy0xNy11cHNldC1hbmtpdGEtbG9raGFuZGUtYXNrcy1odXNiYW5kLXZpY2t5LWphaW4taWYtaGUtd2FudHMtdG8tYS1icmVhay1mcm9tLWhlci13YXRjaC05MTA0NzQ5L9IBqQFodHRwczovL2luZGlhbmV4cHJlc3MuY29tL2FydGljbGUvZW50ZXJ0YWlubWVudC90ZWxldmlzaW9uL2JpZ2ctYm9zcy0xNy11cHNldC1hbmtpdGEtbG9raGFuZGUtYXNrcy1odXNiYW5kLXZpY2t5LWphaW4taWYtaGUtd2FudHMtdG8tYS1icmVhay1mcm9tLWhlci13YXRjaC05MTA0NzQ5L2xpdGUv?oc=5&hl=en-IN&gl=IN&ceid=IN:en,https://indianexpress.com,The Indian Express,
9,407,8,"Aamir Khan walks daughter Ira Khan down the aisle with ex-wife Reena Dutta, dances with her. Watch inside photos from white wedding - The Indian Express","Aamir Khan walks daughter Ira Khan down the aisle with ex-wife Reena Dutta, dances with her. Watch inside photos from white wedding  The Indian Express",2024-01-11 08:01:31,https://news.google.com/rss/articles/CBMixAFodHRwczovL2luZGlhbmV4cHJlc3MuY29tL2FydGljbGUvZW50ZXJ0YWlubWVudC9ib2xseXdvb2QvYWFtaXIta2hhbi13YWxrcy1kYXVnaHRlci1pcmEta2hhbi1kb3duLXRoZS1haXNsZS13aXRoLWV4LXdpZmUtcmVlbmEtZHV0dGEtZGFuY2VzLXdpdGgtaGVyLXdhdGNoLWluc2lkZS1waG90b3MtZnJvbS13aGl0ZS13ZWRkaW5nLTkxMDQ1ODIv0gHJAWh0dHBzOi8vaW5kaWFuZXhwcmVzcy5jb20vYXJ0aWNsZS9lbnRlcnRhaW5tZW50L2JvbGx5d29vZC9hYW1pci1raGFuLXdhbGtzLWRhdWdodGVyLWlyYS1raGFuLWRvd24tdGhlLWFpc2xlLXdpdGgtZXgtd2lmZS1yZWVuYS1kdXR0YS1kYW5jZXMtd2l0aC1oZXItd2F0Y2gtaW5zaWRlLXBob3Rvcy1mcm9tLXdoaXRlLXdlZGRpbmctOTEwNDU4Mi9saXRlLw?oc=5&hl=en-IN&gl=IN&ceid=IN:en,https://indianexpress.com,The Indian Express,
10,408,9,"Ranbir Kapoor’s mother Neetu Kapoor wants Deepika Padukone as her fashion stylist, says stars today have no mystery left - The Indian Express","Ranbir Kapoor’s mother Neetu Kapoor wants Deepika Padukone as her fashion stylist, says stars today have no mystery left  The Indian Express",2024-01-11 08:59:10,https://news.google.com/rss/articles/CBMiuQFodHRwczovL2luZGlhbmV4cHJlc3MuY29tL2FydGljbGUvZW50ZXJ0YWlubWVudC9ib2xseXdvb2QvcmFuYmlyLWthcG9vcnMtbW90aGVyLW5lZXR1LWthcG9vci13YW50cy1kZWVwaWthLXBhZHVrb25lLWFzLWhlci1mYXNoaW9uLXN0eWxpc3Qtc2F5cy1zdGFycy10b2RheS1oYXZlLW5vLW15c3RlcnktbGVmdC05MTA0NjQ2L9IBvgFodHRwczovL2luZGlhbmV4cHJlc3MuY29tL2FydGljbGUvZW50ZXJ0YWlubWVudC9ib2xseXdvb2QvcmFuYmlyLWthcG9vcnMtbW90aGVyLW5lZXR1LWthcG9vci13YW50cy1kZWVwaWthLXBhZHVrb25lLWFzLWhlci1mYXNoaW9uLXN0eWxpc3Qtc2F5cy1zdGFycy10b2RheS1oYXZlLW5vLW15c3RlcnktbGVmdC05MTA0NjQ2L2xpdGUv?oc=5&hl=en-IN&gl=IN&ceid=IN:en,https://indianexpress.com,The Indian Express,
11,806,7,"Ananya Panday reveals Alia Bhatt, Kriti Sanon texted her after Kho Gaye Hum Kahan release, recalls how she bagged Ahana’s role: ‘I dressed up as a tomboy’ - The Indian Express","Ananya Panday reveals Alia Bhatt, Kriti Sanon texted her after Kho Gaye Hum Kahan release, recalls how she bagged Ahana’s role: ‘I dressed up as a tomboy’  The Indian Express",2024-01-11 09:33:49,https://news.google.com/rss/articles/CBMimwFodHRwczovL2luZGlhbmV4cHJlc3MuY29tL2FydGljbGUvZW50ZXJ0YWlubWVudC9ib2xseXdvb2QvYW5hbnlhLXBhbmRheS1yZXZlYWxzLWFsaWEtYmhhdHQta3JpdGktc2Fub24tdGV4dGVkLWhlci1hZnRlci1raG8tZ2F5ZS1odW0ta2FoYW4tcmVsZWFzZS05MTA0OTE0L9IBoAFodHRwczovL2luZGlhbmV4cHJlc3MuY29tL2FydGljbGUvZW50ZXJ0YWlubWVudC9ib2xseXdvb2QvYW5hbnlhLXBhbmRheS1yZXZlYWxzLWFsaWEtYmhhdHQta3JpdGktc2Fub24tdGV4dGVkLWhlci1hZnRlci1raG8tZ2F5ZS1odW0ta2FoYW4tcmVsZWFzZS05MTA0OTE0L2xpdGUv?oc=5&hl=en-IN&gl=IN&ceid=IN:en,https://indianexpress.com,The Indian Express,
12,88,89,UPSC Essentials | Daily subject-wise quiz | Economy (Week 40) - The Indian Express,UPSC Essentials | Daily subject-wise quiz | Economy (Week 40)  The Indian Express,2024-01-11 12:57:35,https://news.google.com/rss/articles/CBMihwFodHRwczovL2luZGlhbmV4cHJlc3MuY29tL2FydGljbGUvdXBzYy1jdXJyZW50LWFmZmFpcnMvdXBzYy1lc3NlbnRpYWxzL3Vwc2MtZXNzZW50aWFscy1kYWlseS1zdWJqZWN0LXdpc2UtcXVpei1lY29ub215LXdlZWstNDAtOTEwNTUwNC_SAYwBaHR0cHM6Ly9pbmRpYW5leHByZXNzLmNvbS9hcnRpY2xlL3Vwc2MtY3VycmVudC1hZmZhaXJzL3Vwc2MtZXNzZW50aWFscy91cHNjLWVzc2VudGlhbHMtZGFpbHktc3ViamVjdC13aXNlLXF1aXotZWNvbm9teS13ZWVrLTQwLTkxMDU1MDQvbGl0ZS8?oc=5&hl=en-IN&gl=IN&ceid=IN:en,https://indianexpress.com,The Indian Express,
13,13,14,Note on crumpled tissue paper ‘written by Suchana Seth’ could prove crucial for Goa police probe - The Indian Express,Note on crumpled tissue paper ‘written by Suchana Seth’ could prove crucial for Goa police probe  The Indian Express,2024-01-11 16:21:27,https://news.google.com/rss/articles/CBMicWh0dHBzOi8vaW5kaWFuZXhwcmVzcy5jb20vYXJ0aWNsZS9pbmRpYS9nb2EtbXVyZGVyLXN1Y2hhbmEtc2V0aC1iZW5nYWx1cnUtY2VvLXNvbi1raWxsZWQtY3VzdG9keS1odXNiYW5kLTkxMDU3NDIv0gF2aHR0cHM6Ly9pbmRpYW5leHByZXNzLmNvbS9hcnRpY2xlL2luZGlhL2dvYS1tdXJkZXItc3VjaGFuYS1zZXRoLWJlbmdhbHVydS1jZW8tc29uLWtpbGxlZC1jdXN0b2R5LWh1c2JhbmQtOTEwNTc0Mi9saXRlLw?oc=5&hl=en-IN&gl=IN&ceid=IN:en,https://indianexpress.com,The Indian Express,
14,946,47,"Ruckus, FIR over Lord Ram posters at Dehradun store run by Muslim man - The Indian Express","Ruckus, FIR over Lord Ram posters at Dehradun store run by Muslim man  The Indian Express",2024-01-11 22:30:03,https://news.google.com/rss/articles/CBMidWh0dHBzOi8vaW5kaWFuZXhwcmVzcy5jb20vYXJ0aWNsZS9pbmRpYS9ydWNrdXMtZmlyLW92ZXItbG9yZC1yYW0tcG9zdGVycy1hdC1kZWhyYWR1bi1zdG9yZS1ydW4tYnktbXVzbGltLW1hbi05MTA1OTA1L9IBemh0dHBzOi8vaW5kaWFuZXhwcmVzcy5jb20vYXJ0aWNsZS9pbmRpYS9ydWNrdXMtZmlyLW92ZXItbG9yZC1yYW0tcG9zdGVycy1hdC1kZWhyYWR1bi1zdG9yZS1ydW4tYnktbXVzbGltLW1hbi05MTA1OTA1L2xpdGUv?oc=5&hl=en-IN&gl=IN&ceid=IN:en,https://indianexpress.com,The Indian Express,
15,14,15,"Days to go for Ayodhya Ram temple opening, PM Modi starts ‘special ritual’: ‘Lord has made me an instrument…’ - The Indian Express","Days to go for Ayodhya Ram temple opening, PM Modi starts ‘special ritual’: ‘Lord has made me an instrument…’  The Indian Express",2024-01-12 04:28:57,https://news.google.com/rss/articles/CBMiW2h0dHBzOi8vaW5kaWFuZXhwcmVzcy5jb20vYXJ0aWNsZS9pbmRpYS9wbS1tb2RpLWF5b2RoeWEtcmFtLXRlbXBsZS1zcGVjaWFsLXJpdHVhbHMtOTEwNjIwNS_SAWBodHRwczovL2luZGlhbmV4cHJlc3MuY29tL2FydGljbGUvaW5kaWEvcG0tbW9kaS1heW9kaHlhLXJhbS10ZW1wbGUtc3BlY2lhbC1yaXR1YWxzLTkxMDYyMDUvbGl0ZS8?oc=5&hl=en-IN&gl=IN&ceid=IN:en,https://indianexpress.com,The Indian Express,
16,948,49,Australian Open 2024: Sumit Nagal becomes first Indian in 3 years to qualify for a Grand Slam singles main draw - The Indian Express,Australian Open 2024: Sumit Nagal becomes first Indian in 3 years to qualify for a Grand Slam singles main draw  The Indian Express,2024-01-12 07:16:41,https://news.google.com/rss/articles/CBMingFodHRwczovL2luZGlhbmV4cHJlc3MuY29tL2FydGljbGUvc3BvcnRzL3Rlbm5pcy9hdXN0cmFsaWFuLW9wZW4tc3VtaXQtbmFnYWwtZGVmZWF0cy1hbGV4LW1vbGNhbi10by1xdWFsaWZ5LWZvci1tYWluLWRyYXctb2Ytc2Vhc29uLW9wZW5pbmctZ3JhbmQtc2xhbS05MTA2NDEwL9IBowFodHRwczovL2luZGlhbmV4cHJlc3MuY29tL2FydGljbGUvc3BvcnRzL3Rlbm5pcy9hdXN0cmFsaWFuLW9wZW4tc3VtaXQtbmFnYWwtZGVmZWF0cy1hbGV4LW1vbGNhbi10by1xdWFsaWZ5LWZvci1tYWluLWRyYXctb2Ytc2Vhc29uLW9wZW5pbmctZ3JhbmQtc2xhbS05MTA2NDEwL2xpdGUv?oc=5&hl=en-IN&gl=IN&ceid=IN:en,https://indianexpress.com,The Indian Express,
17,914,15,Ankita Lokhande’s mother Vandana warns her against talking about Sushant Singh Rajput on Bigg Boss 17: ‘Vicky ke gharwaale kya sochenge?’ - The Indian Express,Ankita Lokhande’s mother Vandana warns her against talking about Sushant Singh Rajput on Bigg Boss 17: ‘Vicky ke gharwaale kya sochenge?’  The Indian Express,2024-01-12 08:40:31,https://news.google.com/rss/articles/CBMiqAFodHRwczovL2luZGlhbmV4cHJlc3MuY29tL2FydGljbGUvZW50ZXJ0YWlubWVudC90ZWxldmlzaW9uL2Fua2l0YS1sb2toYW5kZXMtbW90aGVyLXZhbmRhbmEtd2FybnMtaGVyLWFnYWluc3QtdGFsa2luZy1hYm91dC1zdXNoYW50LXNpbmdoLXJhanB1dC1vbi1iaWdnLWJvc3MtMTctOTEwNjUxOS_SAa0BaHR0cHM6Ly9pbmRpYW5leHByZXNzLmNvbS9hcnRpY2xlL2VudGVydGFpbm1lbnQvdGVsZXZpc2lvbi9hbmtpdGEtbG9raGFuZGVzLW1vdGhlci12YW5kYW5hLXdhcm5zLWhlci1hZ2FpbnN0LXRhbGtpbmctYWJvdXQtc3VzaGFudC1zaW5naC1yYWpwdXQtb24tYmlnZy1ib3NzLTE3LTkxMDY1MTkvbGl0ZS8?oc=5&hl=en-IN&gl=IN&ceid=IN:en,https://indianexpress.com,The Indian Express,
18,105,6,"Guntur Kaaram movie review: Mahesh Babu tries hard, but Trivikram prevents us from screaming ‘Jai Babu’ - The Indian Express","Guntur Kaaram movie review: Mahesh Babu tries hard, but Trivikram prevents us from screaming ‘Jai Babu’  The Indian Express",2024-01-12 08:54:22,https://news.google.com/rss/articles/CBMisAFodHRwczovL2luZGlhbmV4cHJlc3MuY29tL2FydGljbGUvZW50ZXJ0YWlubWVudC9tb3ZpZS1yZXZpZXcvZ3VudHVyLWthYXJhbS1tb3ZpZS1yZXZpZXctcmF0aW5nLW1haGVzaC1iYWJ1LXRyaWVzLWhhcmQtYnV0LXRyaXZpa3JhbS1wcmV2ZW50cy11cy1mcm9tLXNjcmVhbWluZy1qYWktYmFidS05MTA2MjgwL9IBtQFodHRwczovL2luZGlhbmV4cHJlc3MuY29tL2FydGljbGUvZW50ZXJ0YWlubWVudC9tb3ZpZS1yZXZpZXcvZ3VudHVyLWthYXJhbS1tb3ZpZS1yZXZpZXctcmF0aW5nLW1haGVzaC1iYWJ1LXRyaWVzLWhhcmQtYnV0LXRyaXZpa3JhbS1wcmV2ZW50cy11cy1mcm9tLXNjcmVhbWluZy1qYWktYmFidS05MTA2MjgwL2xpdGUv?oc=5&hl=en-IN&gl=IN&ceid=IN:en,https://indianexpress.com,The Indian Express,
19,961,62,I say this as a Bharatiya Muslim: Congress rejection of Ram Mandir invite is hypocritical - The Indian Express,I say this as a Bharatiya Muslim: Congress rejection of Ram Mandir invite is hypocritical  The Indian Express,2024-01-12 09:31:11,https://news.google.com/rss/articles/CBMifWh0dHBzOi8vaW5kaWFuZXhwcmVzcy5jb20vYXJ0aWNsZS9vcGluaW9uL2NvbHVtbnMvYmhhcmF0aXlhLW11c2xpbS1jb25ncmVzcy1yZWplY3Rpb24tcmFtLXRlbXBsZS1pbnZpdGUtaHlwb2NyaXRpY2FsLTkxMDY2MzMv0gGCAWh0dHBzOi8vaW5kaWFuZXhwcmVzcy5jb20vYXJ0aWNsZS9vcGluaW9uL2NvbHVtbnMvYmhhcmF0aXlhLW11c2xpbS1jb25ncmVzcy1yZWplY3Rpb24tcmFtLXRlbXBsZS1pbnZpdGUtaHlwb2NyaXRpY2FsLTkxMDY2MzMvbGl0ZS8?oc=5&hl=en-IN&gl=IN&ceid=IN:en,https://indianexpress.com,The Indian Express,
20,10,11,Aamir Khan on daughter Ira Khan’s wedding: ‘My emotion was like a shehnai’ - The Indian Express,Aamir Khan on daughter Ira Khan’s wedding: ‘My emotion was like a shehnai’  The Indian Express,2024-01-12 14:17:37,https://news.google.com/rss/articles/CBMiiQFodHRwczovL2luZGlhbmV4cHJlc3MuY29tL2FydGljbGUvZW50ZXJ0YWlubWVudC9ib2xseXdvb2QvYWFtaXIta2hhbi1vbi1kYXVnaHRlci1pcmEta2hhbnMtd2VkZGluZy1teS1lbW90aW9uLXdhcy1saWtlLWEtc2hlaG5haS05MTA2OTM4L9IBjgFodHRwczovL2luZGlhbmV4cHJlc3MuY29tL2FydGljbGUvZW50ZXJ0YWlubWVudC9ib2xseXdvb2QvYWFtaXIta2hhbi1vbi1kYXVnaHRlci1pcmEta2hhbnMtd2VkZGluZy1teS1lbW90aW9uLXdhcy1saWtlLWEtc2hlaG5haS05MTA2OTM4L2xpdGUv?oc=5&hl=en-IN&gl=IN&ceid=IN:en,https://indianexpress.com,The Indian Express,
21,449,50,Anurag Kashyap hails Vidhu Vinod Chopra’s 12th Fail: ‘A filmmaker at the peak of his storytelling…’ - The Indian Express,Anurag Kashyap hails Vidhu Vinod Chopra’s 12th Fail: ‘A filmmaker at the peak of his storytelling…’  The Indian Express,2024-01-12 15:56:18,https://news.google.com/rss/articles/CBMioQFodHRwczovL2luZGlhbmV4cHJlc3MuY29tL2FydGljbGUvZW50ZXJ0YWlubWVudC9ib2xseXdvb2QvYW51cmFnLWthc2h5YXAtaGFpbHMtdmlkaHUtdmlub2QtY2hvcHJhcy0xMnRoLWZhaWwtYS1maWxtbWFrZXItYXQtdGhlLXBlYWstb2YtaGlzLXN0b3J5dGVsbGluZy05MTA2OTAzL9IBpgFodHRwczovL2luZGlhbmV4cHJlc3MuY29tL2FydGljbGUvZW50ZXJ0YWlubWVudC9ib2xseXdvb2QvYW51cmFnLWthc2h5YXAtaGFpbHMtdmlkaHUtdmlub2QtY2hvcHJhcy0xMnRoLWZhaWwtYS1maWxtbWFrZXItYXQtdGhlLXBlYWstb2YtaGlzLXN0b3J5dGVsbGluZy05MTA2OTAzL2xpdGUv?oc=5&hl=en-IN&gl=IN&ceid=IN:en,https://indianexpress.com,The Indian Express,
22,1154,55,Ayalaan movie review: Sivakarthikeyan’s sci-fi film feels dated - The Indian Express,Ayalaan movie review: Sivakarthikeyan’s sci-fi film feels dated  The Indian Express,2024-01-12 18:33:34,https://news.google.com/rss/articles/CBMigwFodHRwczovL2luZGlhbmV4cHJlc3MuY29tL2FydGljbGUvZW50ZXJ0YWlubWVudC9tb3ZpZS1yZXZpZXcvYXlhbGFhbi1tb3ZpZS1yZXZpZXctc2l2YWthcnRoaWtleWFucy1zY2ktZmktZmlsbS1mZWVscy1kYXRlZC05MTA3MjM1L9IBiAFodHRwczovL2luZGlhbmV4cHJlc3MuY29tL2FydGljbGUvZW50ZXJ0YWlubWVudC9tb3ZpZS1yZXZpZXcvYXlhbGFhbi1tb3ZpZS1yZXZpZXctc2l2YWthcnRoaWtleWFucy1zY2ktZmktZmlsbS1mZWVscy1kYXRlZC05MTA3MjM1L2xpdGUv?oc=5&hl=en-IN&gl=IN&ceid=IN:en,https://indianexpress.com,The Indian Express,
23,37,38,"From America to India, the free speech challenge on campus - The Indian Express","From America to India, the free speech challenge on campus  The Indian Express",2024-01-13 02:25:20,https://news.google.com/rss/articles/CBMiigFodHRwczovL2luZGlhbmV4cHJlc3MuY29tL2FydGljbGUvb3Bpbmlvbi9jb2x1bW5zL2ZyZWUtc3BlZWNoLXVuaXZlcnNpdHktY2FtcHVzZXMtZnJlZWRvbS1vZi1zcGVlY2gtZnJlZS1zcGVlY2gtc3BlZWNoLWNoYWxsZW5nZXMtOTEwNzMxMS_SAY8BaHR0cHM6Ly9pbmRpYW5leHByZXNzLmNvbS9hcnRpY2xlL29waW5pb24vY29sdW1ucy9mcmVlLXNwZWVjaC11bml2ZXJzaXR5LWNhbXB1c2VzLWZyZWVkb20tb2Ytc3BlZWNoLWZyZWUtc3BlZWNoLXNwZWVjaC1jaGFsbGVuZ2VzLTkxMDczMTEvbGl0ZS8?oc=5&hl=en-IN&gl=IN&ceid=IN:en,https://indianexpress.com,The Indian Express,
24,1156,57,"To combat climate challenges, the Finance Commission needs to step up - The Indian Express","To combat climate challenges, the Finance Commission needs to step up  The Indian Express",2024-01-13 02:30:08,https://news.google.com/rss/articles/CBMihQFodHRwczovL2luZGlhbmV4cHJlc3MuY29tL2FydGljbGUvb3Bpbmlvbi9jb2x1bW5zL2NsaW1hdGUtY2hhbmdlLWdsb2JhbC13YXJtaW5nLWluZGlhbi1maW5hbmNlLWNvbW1pc3Npb24tY2xpbWF0ZS1jaGFsbGVuZ2VzLTkxMDczMTIv0gGKAWh0dHBzOi8vaW5kaWFuZXhwcmVzcy5jb20vYXJ0aWNsZS9vcGluaW9uL2NvbHVtbnMvY2xpbWF0ZS1jaGFuZ2UtZ2xvYmFsLXdhcm1pbmctaW5kaWFuLWZpbmFuY2UtY29tbWlzc2lvbi1jbGltYXRlLWNoYWxsZW5nZXMtOTEwNzMxMi9saXRlLw?oc=5&hl=en-IN&gl=IN&ceid=IN:en,https://indianexpress.com,The Indian Express,
25,59,60,"Merry Christmas movie review: Terrific Katrina Kaif, Vijay Sethupathi deliver a solid start to the new year - The Indian Express","Merry Christmas movie review: Terrific Katrina Kaif, Vijay Sethupathi deliver a solid start to the new year  The Indian Express",2024-01-13 04:35:00,https://news.google.com/rss/articles/CBMirwFodHRwczovL2luZGlhbmV4cHJlc3MuY29tL2FydGljbGUvZW50ZXJ0YWlubWVudC9tb3ZpZS1yZXZpZXcvbWVycnktY2hyaXN0bWFzLW1vdmllLXJldmlldy10ZXJyaWZpYy1rYXRyaW5hLWthaWYtdmlqYXktc2V0aHVwYXRoaS1kZWxpdmVyLWEtc29saWQtc3RhcnQtdG8tdGhlLW5ldy15ZWFyLTkxMDYyMDMv0gG0AWh0dHBzOi8vaW5kaWFuZXhwcmVzcy5jb20vYXJ0aWNsZS9lbnRlcnRhaW5tZW50L21vdmllLXJldmlldy9tZXJyeS1jaHJpc3RtYXMtbW92aWUtcmV2aWV3LXRlcnJpZmljLWthdHJpbmEta2FpZi12aWpheS1zZXRodXBhdGhpLWRlbGl2ZXItYS1zb2xpZC1zdGFydC10by10aGUtbmV3LXllYXItOTEwNjIwMy9saXRlLw?oc=5&hl=en-IN&gl=IN&ceid=IN:en,https://indianexpress.com,The Indian Express,
26,76,77,"1 dead, several injured in Telangana as bus overturns on NH, catches fire - The Indian Express","1 dead, several injured in Telangana as bus overturns on NH, catches fire  The Indian Express",2024-01-13 05:00:59,https://news.google.com/rss/articles/CBMibWh0dHBzOi8vaW5kaWFuZXhwcmVzcy5jb20vYXJ0aWNsZS9jaXRpZXMvaHlkZXJhYmFkL3RlbGFuZ2FuYS1idXMtb3ZlcnR1cm5zLWhpZ2h3YXktZmlyZS1kZWFkLWluanVyZWQtOTEwNzYyOS_SAXJodHRwczovL2luZGlhbmV4cHJlc3MuY29tL2FydGljbGUvY2l0aWVzL2h5ZGVyYWJhZC90ZWxhbmdhbmEtYnVzLW92ZXJ0dXJucy1oaWdod2F5LWZpcmUtZGVhZC1pbmp1cmVkLTkxMDc2MjkvbGl0ZS8?oc=5&hl=en-IN&gl=IN&ceid=IN:en,https://indianexpress.com,The Indian Express,
27,404,5,"Agastya Nanda on Javed Akhtar’s prediction that he’s the next star, says ‘trolls have nothing on mom Shweta Nanda’ - The Indian Express","Agastya Nanda on Javed Akhtar’s prediction that he’s the next star, says ‘trolls have nothing on mom Shweta Nanda’  The Indian Express",2024-01-13 08:38:00,https://news.google.com/rss/articles/CBMisAFodHRwczovL2luZGlhbmV4cHJlc3MuY29tL2FydGljbGUvZW50ZXJ0YWlubWVudC9ib2xseXdvb2QvYWdhc3R5YS1uYW5kYS1vbi1qYXZlZC1ha2h0YXJzLXByZWRpY3Rpb24tdGhhdC1oZXMtdGhlLW5leHQtc3Rhci1zYXlzLXRyb2xscy1oYXZlLW5vdGhpbmctb24tbW9tLXNod2V0YS1uYW5kYS05MTA3ODAzL9IBtQFodHRwczovL2luZGlhbmV4cHJlc3MuY29tL2FydGljbGUvZW50ZXJ0YWlubWVudC9ib2xseXdvb2QvYWdhc3R5YS1uYW5kYS1vbi1qYXZlZC1ha2h0YXJzLXByZWRpY3Rpb24tdGhhdC1oZXMtdGhlLW5leHQtc3Rhci1zYXlzLXRyb2xscy1oYXZlLW5vdGhpbmctb24tbW9tLXNod2V0YS1uYW5kYS05MTA3ODAzL2xpdGUv?oc=5&hl=en-IN&gl=IN&ceid=IN:en,https://indianexpress.com,The Indian Express,
28,442,43,Saindhav movie review: Venkatesh film is utterly avoidable - The Indian Express,Saindhav movie review: Venkatesh film is utterly avoidable  The Indian Express,2024-01-13 08:48:40,https://news.google.com/rss/articles/CBMif2h0dHBzOi8vaW5kaWFuZXhwcmVzcy5jb20vYXJ0aWNsZS9lbnRlcnRhaW5tZW50L21vdmllLXJldmlldy9zYWluZGhhdi1tb3ZpZS1yZXZpZXctdmVua2F0ZXNoLWZpbG0taXMtdXR0ZXJseS1hdm9pZGFibGUtOTEwNzgzOC_SAYQBaHR0cHM6Ly9pbmRpYW5leHByZXNzLmNvbS9hcnRpY2xlL2VudGVydGFpbm1lbnQvbW92aWUtcmV2aWV3L3NhaW5kaGF2LW1vdmllLXJldmlldy12ZW5rYXRlc2gtZmlsbS1pcy11dHRlcmx5LWF2b2lkYWJsZS05MTA3ODM4L2xpdGUv?oc=5&hl=en-IN&gl=IN&ceid=IN:en,https://indianexpress.com,The Indian Express,
29,34,35,"Lift: Kevin Hart, Gugu Mbatha-Raw’s caper fails to take off - The Indian Express","Lift: Kevin Hart, Gugu Mbatha-Raw’s caper fails to take off  The Indian Express",2024-01-13 09:12:08,https://news.google.com/rss/articles/CBMie2h0dHBzOi8vaW5kaWFuZXhwcmVzcy5jb20vYXJ0aWNsZS9lbnRlcnRhaW5tZW50L2hvbGx5d29vZC9saWZ0LWtldmluLWhhcnQtZ3VndS1tYmF0aGEtcmF3cy1jYXBlci1mYWlscy10by10YWtlLW9mZi05MTA3ODU1L9IBgAFodHRwczovL2luZGlhbmV4cHJlc3MuY29tL2FydGljbGUvZW50ZXJ0YWlubWVudC9ob2xseXdvb2QvbGlmdC1rZXZpbi1oYXJ0LWd1Z3UtbWJhdGhhLXJhd3MtY2FwZXItZmFpbHMtdG8tdGFrZS1vZmYtOTEwNzg1NS9saXRlLw?oc=5&hl=en-IN&gl=IN&ceid=IN:en,https://indianexpress.com,The Indian Express,
30,967,68,Poco X6 Pro vs Redmi Note 13 Pro: Which one should you buy? - The Indian Express,Poco X6 Pro vs Redmi Note 13 Pro: Which one should you buy?  The Indian Express,2024-01-13 10:20:42,https://news.google.com/rss/articles/CBMif2h0dHBzOi8vaW5kaWFuZXhwcmVzcy5jb20vYXJ0aWNsZS90ZWNobm9sb2d5L21vYmlsZS10YWJzL3BvY28teDYtcHJvLXZzLXJlZG1pLW5vdGUtMTMtcHJvLXdoaWNoLW9uZS1zaG91bGQteW91LWdvLXdpdGgtOTEwNTExNC_SAYQBaHR0cHM6Ly9pbmRpYW5leHByZXNzLmNvbS9hcnRpY2xlL3RlY2hub2xvZ3kvbW9iaWxlLXRhYnMvcG9jby14Ni1wcm8tdnMtcmVkbWktbm90ZS0xMy1wcm8td2hpY2gtb25lLXNob3VsZC15b3UtZ28td2l0aC05MTA1MTE0L2xpdGUv?oc=5&hl=en-IN&gl=IN&ceid=IN:en,https://indianexpress.com,The Indian Express,
31,38,39,"UK envoy to Pakistan visits PoK, India says ‘unacceptable’ - The Indian Express","UK envoy to Pakistan visits PoK, India says ‘unacceptable’  The Indian Express",2024-01-13 12:07:48,https://news.google.com/rss/articles/CBMihAFodHRwczovL2luZGlhbmV4cHJlc3MuY29tL2FydGljbGUvaW5kaWEvaW5mcmluZ2VtZW50LWNvdW50cnktc292ZXJlaWdudHktaW5kaWEtcHJvdGVzdHMtYnJpdGlzaC1oaWdoLWNvbW1pc3Npb25lci12aXNpdC1wb2stOTEwODAxNC_SAYkBaHR0cHM6Ly9pbmRpYW5leHByZXNzLmNvbS9hcnRpY2xlL2luZGlhL2luZnJpbmdlbWVudC1jb3VudHJ5LXNvdmVyZWlnbnR5LWluZGlhLXByb3Rlc3RzLWJyaXRpc2gtaGlnaC1jb21taXNzaW9uZXItdmlzaXQtcG9rLTkxMDgwMTQvbGl0ZS8?oc=5&hl=en-IN&gl=IN&ceid=IN:en,https://indianexpress.com,The Indian Express,
32,143,44,Vicky Kaushal ‘lost it’ when a boy slapped younger brother Sunny while playing ‘chor police’: ‘He held him by collar and…’ - The Indian Express,Vicky Kaushal ‘lost it’ when a boy slapped younger brother Sunny while playing ‘chor police’: ‘He held him by collar and…’  The Indian Express,2024-01-13 12:14:24,https://news.google.com/rss/articles/CBMitQFodHRwczovL2luZGlhbmV4cHJlc3MuY29tL2FydGljbGUvZW50ZXJ0YWlubWVudC9ib2xseXdvb2Qvdmlja3kta2F1c2hhbC1sb3N0LWl0LXdoZW4tYS1ib3ktc2xhcHBlZC15b3VuZ2VyLWJyb3RoZXItc3Vubnktd2hpbGUtcGxheWluZy1jaG9yLXBvbGljZS1oZS1oZWxkLWhpbS1ieS1jb2xsYXItYW5kLTkxMDgwNjAv0gG6AWh0dHBzOi8vaW5kaWFuZXhwcmVzcy5jb20vYXJ0aWNsZS9lbnRlcnRhaW5tZW50L2JvbGx5d29vZC92aWNreS1rYXVzaGFsLWxvc3QtaXQtd2hlbi1hLWJveS1zbGFwcGVkLXlvdW5nZXItYnJvdGhlci1zdW5ueS13aGlsZS1wbGF5aW5nLWNob3ItcG9saWNlLWhlLWhlbGQtaGltLWJ5LWNvbGxhci1hbmQtOTEwODA2MC9saXRlLw?oc=5&hl=en-IN&gl=IN&ceid=IN:en,https://indianexpress.com,The Indian Express,
33,951,52,"After Bigg Boss 17, Orry set to grace Dance Deewane 3; Suniel Shetty to judge the show? Watch promo - The Indian Express","After Bigg Boss 17, Orry set to grace Dance Deewane 3; Suniel Shetty to judge the show? Watch promo  The Indian Express",2024-01-13 14:29:21,https://news.google.com/rss/articles/CBMipAFodHRwczovL2luZGlhbmV4cHJlc3MuY29tL2FydGljbGUvZW50ZXJ0YWlubWVudC90ZWxldmlzaW9uL2FmdGVyLWJpZ2ctYm9zcy0xNy1vcnJ5LXNldC10by1ncmFjZS1kYW5jZS1kZWV3YW5lLTMtc3VuaWVsLXNoZXR0eS10by1qdWRnZS10aGUtc2hvdy13YXRjaC1wcm9tby05MTA4MTc1L9IBqQFodHRwczovL2luZGlhbmV4cHJlc3MuY29tL2FydGljbGUvZW50ZXJ0YWlubWVudC90ZWxldmlzaW9uL2FmdGVyLWJpZ2ctYm9zcy0xNy1vcnJ5LXNldC10by1ncmFjZS1kYW5jZS1kZWV3YW5lLTMtc3VuaWVsLXNoZXR0eS10by1qdWRnZS10aGUtc2hvdy13YXRjaC1wcm9tby05MTA4MTc1L2xpdGUv?oc=5&hl=en-IN&gl=IN&ceid=IN:en,https://indianexpress.com,The Indian Express,
34,950,51,"Bigg Boss 17: Karan Johar slams Isha Malviya for saying Munawar Faruqui ‘uses and throws’ people, Abhishek’s mother tells her to not bring up outside matters - The Indian Express","Bigg Boss 17: Karan Johar slams Isha Malviya for saying Munawar Faruqui ‘uses and throws’ people, Abhishek’s mother tells her to not bring up outside matters  The Indian Express",2024-01-13 14:49:02,https://news.google.com/rss/articles/CBMi3AFodHRwczovL2luZGlhbmV4cHJlc3MuY29tL2FydGljbGUvZW50ZXJ0YWlubWVudC90ZWxldmlzaW9uL2JpZ2ctYm9zcy0xNy1rYXJhbi1qb2hhci1zbGFtcy1pc2hhLW1hbHZpeWEtZm9yLXNheWluZy1tdW5hd2FyLWZhcnVxdWktdXNlcy1hbmQtdGhyb3dzLXBlb3BsZS1hYmhpc2hla3MtbW90aGVyLXRlbGxzLWhlci10by1ub3QtYnJpbmctdXAtb3V0c2lkZS1tYXR0ZXJzLTkxMDgxODgv0gHhAWh0dHBzOi8vaW5kaWFuZXhwcmVzcy5jb20vYXJ0aWNsZS9lbnRlcnRhaW5tZW50L3RlbGV2aXNpb24vYmlnZy1ib3NzLTE3LWthcmFuLWpvaGFyLXNsYW1zLWlzaGEtbWFsdml5YS1mb3Itc2F5aW5nLW11bmF3YXItZmFydXF1aS11c2VzLWFuZC10aHJvd3MtcGVvcGxlLWFiaGlzaGVrcy1tb3RoZXItdGVsbHMtaGVyLXRvLW5vdC1icmluZy11cC1vdXRzaWRlLW1hdHRlcnMtOTEwODE4OC9saXRlLw?oc=5&hl=en-IN&gl=IN&ceid=IN:en,https://indianexpress.com,The Indian Express,
35,963,64,"India vs Australia Highlights, AFC Asian Cup 2024: Bos, Irvine fire Australia to 2-0 win against India - The Indian Express","India vs Australia Highlights, AFC Asian Cup 2024: Bos, Irvine fire Australia to 2-0 win against India  The Indian Express",2024-01-13 16:56:00,https://news.google.com/rss/articles/CBMinwFodHRwczovL2luZGlhbmV4cHJlc3MuY29tL2FydGljbGUvc3BvcnRzL2Zvb3RiYWxsL2luZGlhLXZzLWF1c3RyYWxpYS1saXZlLXNjb3JlLWFmYy1hc2lhbi1jdXAtMjAyNC13aWxsLXN1bmlsLWNoaGV0cmktYW5kLWNvLWJlLWFibGUtdG8tc3R1bi1zb2NjZXJvb3MtOTEwNzc5Mi_SAaQBaHR0cHM6Ly9pbmRpYW5leHByZXNzLmNvbS9hcnRpY2xlL3Nwb3J0cy9mb290YmFsbC9pbmRpYS12cy1hdXN0cmFsaWEtbGl2ZS1zY29yZS1hZmMtYXNpYW4tY3VwLTIwMjQtd2lsbC1zdW5pbC1jaGhldHJpLWFuZC1jby1iZS1hYmxlLXRvLXN0dW4tc29jY2Vyb29zLTkxMDc3OTIvbGl0ZS8?oc=5&hl=en-IN&gl=IN&ceid=IN:en,https://indianexpress.com,The Indian Express,
36,487,88,"Amid Houthi crisis, Jaishankar in Iran for bilateral talks - The Indian Express","Amid Houthi crisis, Jaishankar in Iran for bilateral talks  The Indian Express",2024-01-13 20:33:32,https://news.google.com/rss/articles/CBMidGh0dHBzOi8vaW5kaWFuZXhwcmVzcy5jb20vYXJ0aWNsZS9pbmRpYS9qYWlzaGFua2FyLTItZGF5LXZpc2l0LWlyYW4tamFuLTE0LXJlZC1zZWEtc2VjdXJpdHktaXNzdWUtZGlzY3Vzc2VkLTkxMDgyNDMv0gF5aHR0cHM6Ly9pbmRpYW5leHByZXNzLmNvbS9hcnRpY2xlL2luZGlhL2phaXNoYW5rYXItMi1kYXktdmlzaXQtaXJhbi1qYW4tMTQtcmVkLXNlYS1zZWN1cml0eS1pc3N1ZS1kaXNjdXNzZWQtOTEwODI0My9saXRlLw?oc=5&hl=en-IN&gl=IN&ceid=IN:en,https://indianexpress.com,The Indian Express,
37,42,43,"Among Sensex firms, 83% sexual harassment cases from IT, banking in FY23 - The Indian Express","Among Sensex firms, 83% sexual harassment cases from IT, banking in FY23  The Indian Express",2024-01-13 22:30:47,https://news.google.com/rss/articles/CBMieWh0dHBzOi8vaW5kaWFuZXhwcmVzcy5jb20vYXJ0aWNsZS9idXNpbmVzcy9hbW9uZy1zZW5zZXgtZmlybXMtODMtc2V4dWFsLWhhcmFzc21lbnQtY2FzZXMtZnJvbS1pdC1iYW5raW5nLWluLWZ5MjMtOTEwODM2NS_SAX5odHRwczovL2luZGlhbmV4cHJlc3MuY29tL2FydGljbGUvYnVzaW5lc3MvYW1vbmctc2Vuc2V4LWZpcm1zLTgzLXNleHVhbC1oYXJhc3NtZW50LWNhc2VzLWZyb20taXQtYmFua2luZy1pbi1meTIzLTkxMDgzNjUvbGl0ZS8?oc=5&hl=en-IN&gl=IN&ceid=IN:en,https://indianexpress.com,The Indian Express,
38,6,7,Make WhatsApp conversations fun with your own stickers: Here’s how to - The Indian Express,Make WhatsApp conversations fun with your own stickers: Here’s how to  The Indian Express,2024-01-14 02:52:00,https://news.google.com/rss/articles/CBMiaGh0dHBzOi8vaW5kaWFuZXhwcmVzcy5jb20vYXJ0aWNsZS90ZWNobm9sb2d5L3RlY2gtbmV3cy10ZWNobm9sb2d5L2hvdy10by1tYWtlLXdoYXRzYXBwLXN0aWNrZXJzLTkxMDY0MTYv0gFtaHR0cHM6Ly9pbmRpYW5leHByZXNzLmNvbS9hcnRpY2xlL3RlY2hub2xvZ3kvdGVjaC1uZXdzLXRlY2hub2xvZ3kvaG93LXRvLW1ha2Utd2hhdHNhcHAtc3RpY2tlcnMtOTEwNjQxNi9saXRlLw?oc=5&hl=en-IN&gl=IN&ceid=IN:en,https://indianexpress.com,The Indian Express,
39,1155,56,"Milind Deora joins Shinde Sena, takes aim at former party Cong: ‘Only intention is to oppose everything’ - The Indian Express","Milind Deora joins Shinde Sena, takes aim at former party Cong: ‘Only intention is to oppose everything’  The Indian Express",2024-01-14 03:30:10,https://news.google.com/rss/articles/CBMiVGh0dHBzOi8vaW5kaWFuZXhwcmVzcy5jb20vYXJ0aWNsZS9jaXRpZXMvbXVtYmFpL21pbGluZC1kZW9yYS1xdWl0cy1jb25ncmVzcy05MTA4NTg3L9IBWWh0dHBzOi8vaW5kaWFuZXhwcmVzcy5jb20vYXJ0aWNsZS9jaXRpZXMvbXVtYmFpL21pbGluZC1kZW9yYS1xdWl0cy1jb25ncmVzcy05MTA4NTg3L2xpdGUv?oc=5&hl=en-IN&gl=IN&ceid=IN:en,https://indianexpress.com,The Indian Express,
40,29,30,"As Milind Deora leaves Congress for Shinde Sena, what likely forced his hand - The Indian Express","As Milind Deora leaves Congress for Shinde Sena, what likely forced his hand  The Indian Express",2024-01-14 06:43:26,https://news.google.com/rss/articles/CBMiamh0dHBzOi8vaW5kaWFuZXhwcmVzcy5jb20vYXJ0aWNsZS9wb2xpdGljYWwtcHVsc2Uvd2h5LW1pbGluZC1kZW9yYS1xdWl0LWNvbmdyZXNzLWpvaW5lZC1zaGl2LXNlbmEtOTEwODc3MS_SAQA?oc=5&hl=en-IN&gl=IN&ceid=IN:en,https://indianexpress.com,The Indian Express,
41,1296,97,Tiger 3 VFX breakdown video reveals how epic Salman Khan-Shah Rukh Khan scene was created. Watch here - The Indian Express,Tiger 3 VFX breakdown video reveals how epic Salman Khan-Shah Rukh Khan scene was created. Watch here  The Indian Express,2024-01-14 06:47:30,https://news.google.com/rss/articles/CBMipwFodHRwczovL2luZGlhbmV4cHJlc3MuY29tL2FydGljbGUvZW50ZXJ0YWlubWVudC9ib2xseXdvb2QvdGlnZXItMy12ZngtYnJlYWtkb3duLXZpZGVvLXJldmVhbHMtaG93LWVwaWMtc2FsbWFuLWtoYW4tc2hhaC1ydWtoLWtoYW4tc2NlbmUtd2FzLWNyZWF0ZWQtd2F0Y2gtaGVyZS05MTA4NzAzL9IBrAFodHRwczovL2luZGlhbmV4cHJlc3MuY29tL2FydGljbGUvZW50ZXJ0YWlubWVudC9ib2xseXdvb2QvdGlnZXItMy12ZngtYnJlYWtkb3duLXZpZGVvLXJldmVhbHMtaG93LWVwaWMtc2FsbWFuLWtoYW4tc2hhaC1ydWtoLWtoYW4tc2NlbmUtd2FzLWNyZWF0ZWQtd2F0Y2gtaGVyZS05MTA4NzAzL2xpdGUv?oc=5&hl=en-IN&gl=IN&ceid=IN:en,https://indianexpress.com,The Indian Express,
42,67,68,"Threats of blocking, rude behaviour: 132 Indian students in Canada struggle to get academic feedback - The Indian Express","Threats of blocking, rude behaviour: 132 Indian students in Canada struggle to get academic feedback  The Indian Express",2024-01-14 11:30:08,https://news.google.com/rss/articles/CBMisQFodHRwczovL2luZGlhbmV4cHJlc3MuY29tL2FydGljbGUvZWR1Y2F0aW9uL3N0dWR5LWFicm9hZC90aHJlYXRzLW9mLWJsb2NraW5nLXJ1ZGUtYmVoYXZpb3VyLTEzMi1pbmRpYW4tc3R1ZGVudHMtb2YtY2FuYWRpYW4tdW5pdmVyc2l0eS1zdHJ1Z2dsZS10by1nZXQtYWNhZGVtaWMtZmVlZGJhY2stOTEwNjQ5My_SAbYBaHR0cHM6Ly9pbmRpYW5leHByZXNzLmNvbS9hcnRpY2xlL2VkdWNhdGlvbi9zdHVkeS1hYnJvYWQvdGhyZWF0cy1vZi1ibG9ja2luZy1ydWRlLWJlaGF2aW91ci0xMzItaW5kaWFuLXN0dWRlbnRzLW9mLWNhbmFkaWFuLXVuaXZlcnNpdHktc3RydWdnbGUtdG8tZ2V0LWFjYWRlbWljLWZlZWRiYWNrLTkxMDY0OTMvbGl0ZS8?oc=5&hl=en-IN&gl=IN&ceid=IN:en,https://indianexpress.com,The Indian Express,
43,49,50,Maldives sets March 15 deadline for India to pull out troops amid deepening row - The Indian Express,Maldives sets March 15 deadline for India to pull out troops amid deepening row  The Indian Express,2024-01-14 12:40:36,https://news.google.com/rss/articles/CBMibWh0dHBzOi8vaW5kaWFuZXhwcmVzcy5jb20vYXJ0aWNsZS9pbmRpYS9tYWxkaXZlcy1zZXRzLW1hcmNoLTE1LWRlYWRsaW5lLWZvci1pbmRpYS10by1wdWxsLW91dC10cm9vcHMtOTEwOTE2NC_SAXJodHRwczovL2luZGlhbmV4cHJlc3MuY29tL2FydGljbGUvaW5kaWEvbWFsZGl2ZXMtc2V0cy1tYXJjaC0xNS1kZWFkbGluZS1mb3ItaW5kaWEtdG8tcHVsbC1vdXQtdHJvb3BzLTkxMDkxNjQvbGl0ZS8?oc=5&hl=en-IN&gl=IN&ceid=IN:en,https://indianexpress.com,The Indian Express,
44,1394,95,Exclusive | Vedang Raina on working with Alia Bhatt on Jigra: ‘Very exciting to be a part of a project like that’ - The Indian Express,Exclusive | Vedang Raina on working with Alia Bhatt on Jigra: ‘Very exciting to be a part of a project like that’  The Indian Express,2024-01-14 12:48:14,https://news.google.com/rss/articles/CBMirwFodHRwczovL2luZGlhbmV4cHJlc3MuY29tL2FydGljbGUvZW50ZXJ0YWlubWVudC9ib2xseXdvb2QvZXhjbHVzaXZlLXZlZGFuZy1yYWluYS1vbi13b3JraW5nLXdpdGgtYWxpYS1iaGF0dC1vbi1qaWdyYS12ZXJ5LWV4Y2l0aW5nLXRvLWJlLWEtcGFydC1vZi1hLXByb2plY3QtbGlrZS10aGF0LTkxMDkwMTMv0gG0AWh0dHBzOi8vaW5kaWFuZXhwcmVzcy5jb20vYXJ0aWNsZS9lbnRlcnRhaW5tZW50L2JvbGx5d29vZC9leGNsdXNpdmUtdmVkYW5nLXJhaW5hLW9uLXdvcmtpbmctd2l0aC1hbGlhLWJoYXR0LW9uLWppZ3JhLXZlcnktZXhjaXRpbmctdG8tYmUtYS1wYXJ0LW9mLWEtcHJvamVjdC1saWtlLXRoYXQtOTEwOTAxMy9saXRlLw?oc=5&hl=en-IN&gl=IN&ceid=IN:en,https://indianexpress.com,The Indian Express,
45,50,51,Muizzu asks India to withdraw troops by March 15: Why are Indian soldiers in Maldives? - The Indian Express,Muizzu asks India to withdraw troops by March 15: Why are Indian soldiers in Maldives?  The Indian Express,2024-01-14 14:54:01,https://news.google.com/rss/articles/CBMiaWh0dHBzOi8vaW5kaWFuZXhwcmVzcy5jb20vYXJ0aWNsZS9leHBsYWluZWQvZXhwbGFpbmVkLWdsb2JhbC93aHktYXJlLWluZGlhbi1zb2xkaWVycy1pbi1tYWxkaXZlcy05MTA5Mjc4L9IBbmh0dHBzOi8vaW5kaWFuZXhwcmVzcy5jb20vYXJ0aWNsZS9leHBsYWluZWQvZXhwbGFpbmVkLWdsb2JhbC93aHktYXJlLWluZGlhbi1zb2xkaWVycy1pbi1tYWxkaXZlcy05MTA5Mjc4L2xpdGUv?oc=5&hl=en-IN&gl=IN&ceid=IN:en,https://indianexpress.com,The Indian Express,
46,83,84,4 powerful food combinations to maximise health benefits - The Indian Express,4 powerful food combinations to maximise health benefits  The Indian Express,2024-01-14 15:38:23,https://news.google.com/rss/articles/CBMifGh0dHBzOi8vaW5kaWFuZXhwcmVzcy5jb20vYXJ0aWNsZS9saWZlc3R5bGUvZm9vZC13aW5lL3Bvd2VyZnVsLWZvb2QtY29tYmluYXRpb25zLW1heGltaXNlLWhlYWx0aC1iZW5lZml0cy1udXRyaWVudHMtOTEwODkwMi_SAYEBaHR0cHM6Ly9pbmRpYW5leHByZXNzLmNvbS9hcnRpY2xlL2xpZmVzdHlsZS9mb29kLXdpbmUvcG93ZXJmdWwtZm9vZC1jb21iaW5hdGlvbnMtbWF4aW1pc2UtaGVhbHRoLWJlbmVmaXRzLW51dHJpZW50cy05MTA4OTAyL2xpdGUv?oc=5&hl=en-IN&gl=IN&ceid=IN:en,https://indianexpress.com,The Indian Express,
47,1368,69,264 motorists penalised for stopping on MTHL for selfie and picnicking on Day 2 - The Indian Express,264 motorists penalised for stopping on MTHL for selfie and picnicking on Day 2  The Indian Express,2024-01-14 18:00:36,https://news.google.com/rss/articles/CBMinwFodHRwczovL2luZGlhbmV4cHJlc3MuY29tL2FydGljbGUvY2l0aWVzL211bWJhaS9hdGFsLXNldHUtc2VsZmllLWF0LWF0YWwtc2V0dS1tb3RvcmlzdHMtcGVuYWxpc2VkLW11bWJhaS10cmFucy1oYXJib3VyLXNlYWxpbmstbXRobC10cmFmZmljLW1hbmFnZW1lbnQtOTEwOTM5Ni_SAaQBaHR0cHM6Ly9pbmRpYW5leHByZXNzLmNvbS9hcnRpY2xlL2NpdGllcy9tdW1iYWkvYXRhbC1zZXR1LXNlbGZpZS1hdC1hdGFsLXNldHUtbW90b3Jpc3RzLXBlbmFsaXNlZC1tdW1iYWktdHJhbnMtaGFyYm91ci1zZWFsaW5rLW10aGwtdHJhZmZpYy1tYW5hZ2VtZW50LTkxMDkzOTYvbGl0ZS8?oc=5&hl=en-IN&gl=IN&ceid=IN:en,https://indianexpress.com,The Indian Express,
48,1040,41,Pictures from 17 states tell a thousand stories of single-screen cinema theatres - The Indian Express,Pictures from 17 states tell a thousand stories of single-screen cinema theatres  The Indian Express,2024-01-14 20:50:34,https://news.google.com/rss/articles/CBMikgFodHRwczovL2luZGlhbmV4cHJlc3MuY29tL2FydGljbGUvY2l0aWVzL211bWJhaS9wdW5lLXNpbmdsZS1zY3JlZW4tdGhlYXRyZXMtcGhvdG9ncmFwaGVyLWhlbWFudC1jaGF0dXJ2ZWRpLWphaS1oaW5kLXRhbGtpZXMtYXNob2stdGFsa2llcy05MTA5NDg5L9IBlwFodHRwczovL2luZGlhbmV4cHJlc3MuY29tL2FydGljbGUvY2l0aWVzL211bWJhaS9wdW5lLXNpbmdsZS1zY3JlZW4tdGhlYXRyZXMtcGhvdG9ncmFwaGVyLWhlbWFudC1jaGF0dXJ2ZWRpLWphaS1oaW5kLXRhbGtpZXMtYXNob2stdGFsa2llcy05MTA5NDg5L2xpdGUv?oc=5&hl=en-IN&gl=IN&ceid=IN:en,https://indianexpress.com,The Indian Express,
49,556,57,"Ration ‘scam’: After stay at SSKM, Jyotipriya Mallick back in Presidency jail - The Indian Express","Ration ‘scam’: After stay at SSKM, Jyotipriya Mallick back in Presidency jail  The Indian Express",2024-01-14 22:01:29,https://news.google.com/rss/articles/CBMigwFodHRwczovL2luZGlhbmV4cHJlc3MuY29tL2FydGljbGUvY2l0aWVzL2tvbGthdGEvcmF0aW9uLXNjYW0tYWZ0ZXItc3RheS1hdC1zc2ttLWp5b3RpcHJpeWEtbWFsbGljay1iYWNrLWluLXByZXNpZGVuY3ktamFpbC05MTA5NTA2L9IBiAFodHRwczovL2luZGlhbmV4cHJlc3MuY29tL2FydGljbGUvY2l0aWVzL2tvbGthdGEvcmF0aW9uLXNjYW0tYWZ0ZXItc3RheS1hdC1zc2ttLWp5b3RpcHJpeWEtbWFsbGljay1iYWNrLWluLXByZXNpZGVuY3ktamFpbC05MTA5NTA2L2xpdGUv?oc=5&hl=en-IN&gl=IN&ceid=IN:en,https://indianexpress.com,The Indian Express,
50,41,42,Two more arrested for attack on ED officials - The Indian Express,Two more arrested for attack on ED officials  The Indian Express,2024-01-14 22:08:15,https://news.google.com/rss/articles/CBMiZmh0dHBzOi8vaW5kaWFuZXhwcmVzcy5jb20vYXJ0aWNsZS9jaXRpZXMva29sa2F0YS90d28tbW9yZS1hcnJlc3RlZC1mb3ItYXR0YWNrLW9uLWVkLW9mZmljaWFscy05MTA5NTA1L9IBa2h0dHBzOi8vaW5kaWFuZXhwcmVzcy5jb20vYXJ0aWNsZS9jaXRpZXMva29sa2F0YS90d28tbW9yZS1hcnJlc3RlZC1mb3ItYXR0YWNrLW9uLWVkLW9mZmljaWFscy05MTA5NTA1L2xpdGUv?oc=5&hl=en-IN&gl=IN&ceid=IN:en,https://indianexpress.com,The Indian Express,
51,1,2,Can a nylon shuttle match one made of feathers? IIT researchers may have answer - The Indian Express,Can a nylon shuttle match one made of feathers? IIT researchers may have answer  The Indian Express,2024-01-14 22:42:36,https://news.google.com/rss/articles/CBMiigFodHRwczovL2luZGlhbmV4cHJlc3MuY29tL2FydGljbGUvc3BvcnRzL2JhZG1pbnRvbi9jYW4tYS1ueWxvbi1zaHV0dGxlLW1hdGNoLW9uZS1tYWRlLW9mLWZlYXRoZXJzLWlpdC1yZXNlYXJjaGVycy1tYXktaGF2ZS1hbnN3ZXItOTEwOTQyOS_SAY8BaHR0cHM6Ly9pbmRpYW5leHByZXNzLmNvbS9hcnRpY2xlL3Nwb3J0cy9iYWRtaW50b24vY2FuLWEtbnlsb24tc2h1dHRsZS1tYXRjaC1vbmUtbWFkZS1vZi1mZWF0aGVycy1paXQtcmVzZWFyY2hlcnMtbWF5LWhhdmUtYW5zd2VyLTkxMDk0MjkvbGl0ZS8?oc=5&hl=en-IN&gl=IN&ceid=IN:en,https://indianexpress.com,The Indian Express,
52,1188,89,"For India, the easiest way to decarbonise is to scale up renewable capacity - The Indian Express","For India, the easiest way to decarbonise is to scale up renewable capacity  The Indian Express",2024-01-15 02:30:17,https://news.google.com/rss/articles/CBMijQFodHRwczovL2luZGlhbmV4cHJlc3MuY29tL2FydGljbGUvb3Bpbmlvbi9jb2x1bW5zL2NsaW1hdGUtY2hhbmdlLWdsb2JhbC1jYXJib24tcHJvamVjdC1yZXBvcnQtY29wMjgtY2FyYm9uLWVtaXNzaW9ucy1kZWNhcmJvbmlzYXRpb24tOTEwOTM2Mi_SAZIBaHR0cHM6Ly9pbmRpYW5leHByZXNzLmNvbS9hcnRpY2xlL29waW5pb24vY29sdW1ucy9jbGltYXRlLWNoYW5nZS1nbG9iYWwtY2FyYm9uLXByb2plY3QtcmVwb3J0LWNvcDI4LWNhcmJvbi1lbWlzc2lvbnMtZGVjYXJib25pc2F0aW9uLTkxMDkzNjIvbGl0ZS8?oc=5&hl=en-IN&gl=IN&ceid=IN:en,https://indianexpress.com,The Indian Express,
53,1320,21,Ankita Lokhande shares startling details from conversation with mother-in-law: ‘Aapki aukat kya hai?’ - The Indian Express,Ankita Lokhande shares startling details from conversation with mother-in-law: ‘Aapki aukat kya hai?’  The Indian Express,2024-01-15 04:32:20,https://news.google.com/rss/articles/CBMipQFodHRwczovL2luZGlhbmV4cHJlc3MuY29tL2FydGljbGUvZW50ZXJ0YWlubWVudC90ZWxldmlzaW9uL2Fua2l0YS1sb2toYW5kZS1zaGFyZXMtc3RhcnRsaW5nLWRldGFpbHMtZnJvbS1jb252ZXJzYXRpb24td2l0aC1tb3RoZXItaW4tbGF3LWFhcGtpLWF1a2F0LWt5YS1oYWktOTEwOTY0My_SAaoBaHR0cHM6Ly9pbmRpYW5leHByZXNzLmNvbS9hcnRpY2xlL2VudGVydGFpbm1lbnQvdGVsZXZpc2lvbi9hbmtpdGEtbG9raGFuZGUtc2hhcmVzLXN0YXJ0bGluZy1kZXRhaWxzLWZyb20tY29udmVyc2F0aW9uLXdpdGgtbW90aGVyLWluLWxhdy1hYXBraS1hdWthdC1reWEtaGFpLTkxMDk2NDMvbGl0ZS8?oc=5&hl=en-IN&gl=IN&ceid=IN:en,https://indianexpress.com,The Indian Express,
54,12,13,"Passenger punches IndiGo pilot announcing flight delay, sparks heated debate online - The Indian Express","Passenger punches IndiGo pilot announcing flight delay, sparks heated debate online  The Indian Express",2024-01-15 06:45:32,https://news.google.com/rss/articles/CBMimAFodHRwczovL2luZGlhbmV4cHJlc3MuY29tL2FydGljbGUvdHJlbmRpbmcvdHJlbmRpbmctaW4taW5kaWEvcGFzc2VuZ2VyLXB1bmNoZXMtaW5kaWdvLXBpbG90LWFubm91bmNpbmctZmxpZ2h0LWRlbGF5LXNwYXJrcy1oZWF0ZWQtZGViYXRlLW9ubGluZS05MTA5ODg4L9IBnQFodHRwczovL2luZGlhbmV4cHJlc3MuY29tL2FydGljbGUvdHJlbmRpbmcvdHJlbmRpbmctaW4taW5kaWEvcGFzc2VuZ2VyLXB1bmNoZXMtaW5kaWdvLXBpbG90LWFubm91bmNpbmctZmxpZ2h0LWRlbGF5LXNwYXJrcy1oZWF0ZWQtZGViYXRlLW9ubGluZS05MTA5ODg4L2xpdGUv?oc=5&hl=en-IN&gl=IN&ceid=IN:en,https://indianexpress.com,The Indian Express,
55,27,28,"Ashutosh Rana was not the first choice for Gokul Pandit, Lajja Shankar Pandey, actor told Mahesh Bhatt, ‘Either you say I am a bad actor or…’ - The Indian Express","Ashutosh Rana was not the first choice for Gokul Pandit, Lajja Shankar Pandey, actor told Mahesh Bhatt, ‘Either you say I am a bad actor or…’  The Indian Express",2024-01-15 10:51:31,https://news.google.com/rss/articles/CBMinAFodHRwczovL2luZGlhbmV4cHJlc3MuY29tL2FydGljbGUvZW50ZXJ0YWlubWVudC9ib2xseXdvb2QvYXNodXRvc2gtcmFuYS13YXMtbm90LXRoZS1maXJzdC1jaG9pY2UtZm9yLWdva3VsLXBhbmRpdC1sYWpqYS1zaGFua2FyLXBhbmRleS1tYWhlc2gtYmhhdHQtOTExMDE3My_SAaEBaHR0cHM6Ly9pbmRpYW5leHByZXNzLmNvbS9hcnRpY2xlL2VudGVydGFpbm1lbnQvYm9sbHl3b29kL2FzaHV0b3NoLXJhbmEtd2FzLW5vdC10aGUtZmlyc3QtY2hvaWNlLWZvci1nb2t1bC1wYW5kaXQtbGFqamEtc2hhbmthci1wYW5kZXktbWFoZXNoLWJoYXR0LTkxMTAxNzMvbGl0ZS8?oc=5&hl=en-IN&gl=IN&ceid=IN:en,https://indianexpress.com,The Indian Express,
56,17,18,"Clean shaven and face made up, Punjab man tries to take exam in place of girlfriend - The Indian Express","Clean shaven and face made up, Punjab man tries to take exam in place of girlfriend  The Indian Express",2024-01-15 11:39:52,https://news.google.com/rss/articles/CBMiZWh0dHBzOi8vaW5kaWFuZXhwcmVzcy5jb20vYXJ0aWNsZS9jaXRpZXMvY2hhbmRpZ2FyaC9wdW5qYWItbWFuLWdpcmxmcmllbmQtaW1wZXJzb25hdGlvbi1leGFtLTkxMTAzMjYv0gFqaHR0cHM6Ly9pbmRpYW5leHByZXNzLmNvbS9hcnRpY2xlL2NpdGllcy9jaGFuZGlnYXJoL3B1bmphYi1tYW4tZ2lybGZyaWVuZC1pbXBlcnNvbmF0aW9uLWV4YW0tOTExMDMyNi9saXRlLw?oc=5&hl=en-IN&gl=IN&ceid=IN:en,https://indianexpress.com,The Indian Express,
57,24,25,"Andhra poll winds set revolving doors in motion, few open towards Congress yet - The Indian Express","Andhra poll winds set revolving doors in motion, few open towards Congress yet  The Indian Express",2024-01-15 12:25:35,https://news.google.com/rss/articles/CBMic2h0dHBzOi8vaW5kaWFuZXhwcmVzcy5jb20vYXJ0aWNsZS9wb2xpdGljYWwtcHVsc2UvYW5kaHJhLXBvbGwtd2luZHMtc2V0LXJldm9sdmluZy1kb29ycy1pbi1tb3Rpb24tY29uZ3Jlc3MtOTExMDM2Ny_SAXhodHRwczovL2luZGlhbmV4cHJlc3MuY29tL2FydGljbGUvcG9saXRpY2FsLXB1bHNlL2FuZGhyYS1wb2xsLXdpbmRzLXNldC1yZXZvbHZpbmctZG9vcnMtaW4tbW90aW9uLWNvbmdyZXNzLTkxMTAzNjcvbGl0ZS8?oc=5&hl=en-IN&gl=IN&ceid=IN:en,https://indianexpress.com,The Indian Express,
58,90,91,UPSC Essentials : Daily subject-wise quiz | Polity and Governance (Week 41) - The Indian Express,UPSC Essentials : Daily subject-wise quiz | Polity and Governance (Week 41)  The Indian Express,2024-01-15 12:48:32,https://news.google.com/rss/articles/CBMilQFodHRwczovL2luZGlhbmV4cHJlc3MuY29tL2FydGljbGUvdXBzYy1jdXJyZW50LWFmZmFpcnMvdXBzYy1lc3NlbnRpYWxzL3Vwc2MtZXNzZW50aWFscy1kYWlseS1zdWJqZWN0LXdpc2UtcXVpei1wb2xpdHktYW5kLWdvdmVybmFuY2Utd2Vlay00MS05MTEwNDE5L9IBmgFodHRwczovL2luZGlhbmV4cHJlc3MuY29tL2FydGljbGUvdXBzYy1jdXJyZW50LWFmZmFpcnMvdXBzYy1lc3NlbnRpYWxzL3Vwc2MtZXNzZW50aWFscy1kYWlseS1zdWJqZWN0LXdpc2UtcXVpei1wb2xpdHktYW5kLWdvdmVybmFuY2Utd2Vlay00MS05MTEwNDE5L2xpdGUv?oc=5&hl=en-IN&gl=IN&ceid=IN:en,https://indianexpress.com,The Indian Express,
59,25,26,The Greatest Of All Time: Meet Vijay’s ‘GOAT squad’ - The Indian Express,The Greatest Of All Time: Meet Vijay’s ‘GOAT squad’  The Indian Express,2024-01-15 12:50:14,https://news.google.com/rss/articles/CBMijwFodHRwczovL2luZGlhbmV4cHJlc3MuY29tL2FydGljbGUvZW50ZXJ0YWlubWVudC90YW1pbC90aGUtZ3JlYXRlc3Qtb2YtYWxsLXRpbWUtbWVldC12aWpheXMtZ29hdC1zcXVhZC1wcmFzaGFudGgtcHJhYmh1ZGhldmEtYWptYWwtYW1pci05MTEwMzk3L9IBlAFodHRwczovL2luZGlhbmV4cHJlc3MuY29tL2FydGljbGUvZW50ZXJ0YWlubWVudC90YW1pbC90aGUtZ3JlYXRlc3Qtb2YtYWxsLXRpbWUtbWVldC12aWpheXMtZ29hdC1zcXVhZC1wcmFzaGFudGgtcHJhYmh1ZGhldmEtYWptYWwtYW1pci05MTEwMzk3L2xpdGUv?oc=5&hl=en-IN&gl=IN&ceid=IN:en,https://indianexpress.com,The Indian Express,
60,80,81,Has the stage been set for Y S Sharmila? Andhra Pradesh Congress chief resigns - The Indian Express,Has the stage been set for Y S Sharmila? Andhra Pradesh Congress chief resigns  The Indian Express,2024-01-15 13:18:34,https://news.google.com/rss/articles/CBMiiAFodHRwczovL2luZGlhbmV4cHJlc3MuY29tL2FydGljbGUvcG9saXRpY2FsLXB1bHNlL2hhcy10aGUtc3RhZ2UtYmVlbi1zZXQtZm9yLXktcy1zaGFybWlsYS1hbmRocmEtcHJhZGVzaC1jb25ncmVzcy1jaGllZi1yZXNpZ25zLTkxMTA0OTQv0gGNAWh0dHBzOi8vaW5kaWFuZXhwcmVzcy5jb20vYXJ0aWNsZS9wb2xpdGljYWwtcHVsc2UvaGFzLXRoZS1zdGFnZS1iZWVuLXNldC1mb3IteS1zLXNoYXJtaWxhLWFuZGhyYS1wcmFkZXNoLWNvbmdyZXNzLWNoaWVmLXJlc2lnbnMtOTExMDQ5NC9saXRlLw?oc=5&hl=en-IN&gl=IN&ceid=IN:en,https://indianexpress.com,The Indian Express,
61,63,64,"Ahead of Ram Temple consecration, Odisha to unveil its own ambitious project at Jagannath Temple - The Indian Express","Ahead of Ram Temple consecration, Odisha to unveil its own ambitious project at Jagannath Temple  The Indian Express",2024-01-15 13:39:37,https://news.google.com/rss/articles/CBMidGh0dHBzOi8vaW5kaWFuZXhwcmVzcy5jb20vYXJ0aWNsZS9leHBsYWluZWQvZXhwbGFpbmVkLWN1bHR1cmUvb2Rpc2hhLWphZ2FubmF0aC10ZW1wbGUtcHVyaS1wcm9qZWN0LWNvcnJpZG9yLTkxMTA0MzEv0gF5aHR0cHM6Ly9pbmRpYW5leHByZXNzLmNvbS9hcnRpY2xlL2V4cGxhaW5lZC9leHBsYWluZWQtY3VsdHVyZS9vZGlzaGEtamFnYW5uYXRoLXRlbXBsZS1wdXJpLXByb2plY3QtY29ycmlkb3ItOTExMDQzMS9saXRlLw?oc=5&hl=en-IN&gl=IN&ceid=IN:en,https://indianexpress.com,The Indian Express,
62,22,23,Crisis can impact India as 80% of exports to Europe takes place via Red Sea: Official - The Indian Express,Crisis can impact India as 80% of exports to Europe takes place via Red Sea: Official  The Indian Express,2024-01-15 22:11:51,https://news.google.com/rss/articles/CBMijwFodHRwczovL2luZGlhbmV4cHJlc3MuY29tL2FydGljbGUvYnVzaW5lc3MvZWNvbm9teS9jcmlzaXMtY2FuLWltcGFjdC1pbmRpYS1hcy04MC1vZi1leHBvcnRzLXRvLWV1cm9wZS10YWtlcy1wbGFjZS12aWEtcmVkLXNlYS1vZmZpY2lhbC05MTEwOTA5L9IBlAFodHRwczovL2luZGlhbmV4cHJlc3MuY29tL2FydGljbGUvYnVzaW5lc3MvZWNvbm9teS9jcmlzaXMtY2FuLWltcGFjdC1pbmRpYS1hcy04MC1vZi1leHBvcnRzLXRvLWV1cm9wZS10YWtlcy1wbGFjZS12aWEtcmVkLXNlYS1vZmZpY2lhbC05MTEwOTA5L2xpdGUv?oc=5&hl=en-IN&gl=IN&ceid=IN:en,https://indianexpress.com,The Indian Express,
63,92,93,Express View on India-Maldives relations: Don’t overreact - The Indian Express,Express View on India-Maldives relations: Don’t overreact  The Indian Express,2024-01-16 01:30:45,https://news.google.com/rss/articles/CBMilwFodHRwczovL2luZGlhbmV4cHJlc3MuY29tL2FydGljbGUvb3Bpbmlvbi9lZGl0b3JpYWxzL2luZGlhLW1hbGRpdmVzLXJlbGF0aW9ucy1pbmRpYS1tYWxkaXZlcy1wb2xpdGljYWwtcm93LWluZGlhLWNoaW5hLXRlbnNpb25zLW1vaGFtZWQtbXVpenp1LTkxMTA4MzMv0gGcAWh0dHBzOi8vaW5kaWFuZXhwcmVzcy5jb20vYXJ0aWNsZS9vcGluaW9uL2VkaXRvcmlhbHMvaW5kaWEtbWFsZGl2ZXMtcmVsYXRpb25zLWluZGlhLW1hbGRpdmVzLXBvbGl0aWNhbC1yb3ctaW5kaWEtY2hpbmEtdGVuc2lvbnMtbW9oYW1lZC1tdWl6enUtOTExMDgzMy9saXRlLw?oc=5&hl=en-IN&gl=IN&ceid=IN:en,https://indianexpress.com,The Indian Express,
64,1117,18,Exceptional service shines through as flyer praises Vistara for handling delay - The Indian Express,Exceptional service shines through as flyer praises Vistara for handling delay  The Indian Express,2024-01-16 04:06:00,https://news.google.com/rss/articles/CBMifmh0dHBzOi8vaW5kaWFuZXhwcmVzcy5jb20vYXJ0aWNsZS90cmVuZGluZy90cmVuZGluZy1nbG9iYWxseS9leGNlcHRpb25hbC1zZXJ2aWNlLWZseWVyLXByYWlzZXMtdmlzdGFyYS1oYW5kbGluZy1kZWxheS05MTEwMjY0L9IBgwFodHRwczovL2luZGlhbmV4cHJlc3MuY29tL2FydGljbGUvdHJlbmRpbmcvdHJlbmRpbmctZ2xvYmFsbHkvZXhjZXB0aW9uYWwtc2VydmljZS1mbHllci1wcmFpc2VzLXZpc3RhcmEtaGFuZGxpbmctZGVsYXktOTExMDI2NC9saXRlLw?oc=5&hl=en-IN&gl=IN&ceid=IN:en,https://indianexpress.com,The Indian Express,
65,21,22,"Vivek Ramaswamy drops out of White House race, endorses Trump - The Indian Express","Vivek Ramaswamy drops out of White House race, endorses Trump  The Indian Express",2024-01-16 04:49:21,https://news.google.com/rss/articles/CBMiX2h0dHBzOi8vaW5kaWFuZXhwcmVzcy5jb20vYXJ0aWNsZS93b3JsZC92aXZlay1yYW1hc3dhbXktZHJvcHMtb3V0LXVzLXByZXNpZGVudGlhbC1yYWNlLTkxMTExNzYv0gFkaHR0cHM6Ly9pbmRpYW5leHByZXNzLmNvbS9hcnRpY2xlL3dvcmxkL3ZpdmVrLXJhbWFzd2FteS1kcm9wcy1vdXQtdXMtcHJlc2lkZW50aWFsLXJhY2UtOTExMTE3Ni9saXRlLw?oc=5&hl=en-IN&gl=IN&ceid=IN:en,https://indianexpress.com,The Indian Express,
66,60,61,"UGC NET Result December 2023 Updates: NTA uploads result, scorecard link at ugcnet.nta.ac.in - The Indian Express","UGC NET Result December 2023 Updates: NTA uploads result, scorecard link at ugcnet.nta.ac.in  The Indian Express",2024-01-16 06:11:16,https://news.google.com/rss/articles/CBMikAFodHRwczovL2luZGlhbmV4cHJlc3MuY29tL2FydGljbGUvZWR1Y2F0aW9uL3VnYy1uZXQtcmVzdWx0LTIwMjMtbGl2ZS11cGRhdGVzLWRlY2VtYmVyLTIwMjMtY2hlY2stc2NvcmVjYXJkLWN1dC1vZmYtYXQtdWdjbmV0LW50YS1uaWMtaW4tOTEwNzk0Ny_SAZUBaHR0cHM6Ly9pbmRpYW5leHByZXNzLmNvbS9hcnRpY2xlL2VkdWNhdGlvbi91Z2MtbmV0LXJlc3VsdC0yMDIzLWxpdmUtdXBkYXRlcy1kZWNlbWJlci0yMDIzLWNoZWNrLXNjb3JlY2FyZC1jdXQtb2ZmLWF0LXVnY25ldC1udGEtbmljLWluLTkxMDc5NDcvbGl0ZS8?oc=5&hl=en-IN&gl=IN&ceid=IN:en,https://indianexpress.com,The Indian Express,
67,1304,5,sitemap.xml - The Indian Express - The Indian Express,sitemap.xml - The Indian Express  The Indian Express,2024-01-16 08:00:00,https://news.google.com/rss/articles/CBMiO2h0dHBzOi8vaW5kaWFuZXhwcmVzcy5jb20vc2l0ZW1hcC54bWw_eXl5eT0yMDI0Jm1tPTAxJmRkPTE20gEA?oc=5&hl=en-IN&gl=IN&ceid=IN:en,https://indianexpress.com,The Indian Express,
68,1069,70,Are superfoods your only secret to healthy hair? Experts spill the beans - The Indian Express,Are superfoods your only secret to healthy hair? Experts spill the beans  The Indian Express,2024-01-16 10:35:00,https://news.google.com/rss/articles/CBMieWh0dHBzOi8vaW5kaWFuZXhwcmVzcy5jb20vYXJ0aWNsZS9saWZlc3R5bGUvbGlmZS1zdHlsZS9zdXBlcmZvb2RzLXNlY3JldC1oZWFsdGh5LWhhaXItdGlwcy1kaWV0LWJlbmVmaXRzLWV4cGVydHMtOTEwMzYyNi_SAX5odHRwczovL2luZGlhbmV4cHJlc3MuY29tL2FydGljbGUvbGlmZXN0eWxlL2xpZmUtc3R5bGUvc3VwZXJmb29kcy1zZWNyZXQtaGVhbHRoeS1oYWlyLXRpcHMtZGlldC1iZW5lZml0cy1leHBlcnRzLTkxMDM2MjYvbGl0ZS8?oc=5&hl=en-IN&gl=IN&ceid=IN:en,https://indianexpress.com,The Indian Express,
69,93,94,"2024 military strength rankings: US most powerful, India at 4th position behind China - The Indian Express","2024 military strength rankings: US most powerful, India at 4th position behind China  The Indian Express",2024-01-16 16:40:03,https://news.google.com/rss/articles/CBMiaGh0dHBzOi8vaW5kaWFuZXhwcmVzcy5jb20vYXJ0aWNsZS9pbmRpYS8yMDI0LW1pbGl0YXJ5LXN0cmVuZ3RoLXJhbmtpbmdzLXVzLWluZGlhLXBvc2l0aW9uLWNoaW5hLTkxMTIzMTIv0gFtaHR0cHM6Ly9pbmRpYW5leHByZXNzLmNvbS9hcnRpY2xlL2luZGlhLzIwMjQtbWlsaXRhcnktc3RyZW5ndGgtcmFua2luZ3MtdXMtaW5kaWEtcG9zaXRpb24tY2hpbmEtOTExMjMxMi9saXRlLw?oc=5&hl=en-IN&gl=IN&ceid=IN:en,https://indianexpress.com,The Indian Express,
70,7,8,Women’s hockey Olympic qualifiers: India stay on road to Paris with convincing win over Italy - The Indian Express,Women’s hockey Olympic qualifiers: India stay on road to Paris with convincing win over Italy  The Indian Express,2024-01-16 17:13:55,https://news.google.com/rss/articles/CBMikwFodHRwczovL2luZGlhbmV4cHJlc3MuY29tL2FydGljbGUvc3BvcnRzL2hvY2tleS93b21lbi1ob2NrZXktb2x5bXBpYy1xdWFsaWZpZXJzLWluZGlhLXN0YXktb24tcm9hZC10by1wYXJpcy13aXRoLWNvbnZpbmNpbmctd2luLW92ZXItaXRhbHktOTExMjMzOC_SAZgBaHR0cHM6Ly9pbmRpYW5leHByZXNzLmNvbS9hcnRpY2xlL3Nwb3J0cy9ob2NrZXkvd29tZW4taG9ja2V5LW9seW1waWMtcXVhbGlmaWVycy1pbmRpYS1zdGF5LW9uLXJvYWQtdG8tcGFyaXMtd2l0aC1jb252aW5jaW5nLXdpbi1vdmVyLWl0YWx5LTkxMTIzMzgvbGl0ZS8?oc=5&hl=en-IN&gl=IN&ceid=IN:en,https://indianexpress.com,The Indian Express,
71,36,37,"Jilted lover slits 19-yr-old college student’s throat, arrested - The Indian Express","Jilted lover slits 19-yr-old college student’s throat, arrested  The Indian Express",2024-01-16 22:28:37,https://news.google.com/rss/articles/CBMibWh0dHBzOi8vaW5kaWFuZXhwcmVzcy5jb20vYXJ0aWNsZS9jaXRpZXMvbXVtYmFpL21hbi1zbGl0cy0xOS15ci1vbGQtY29sbGVnZS1zdHVkZW50cy10aHJvYXQtYXJyZXN0ZWQtOTExMjU2Ny_SAXJodHRwczovL2luZGlhbmV4cHJlc3MuY29tL2FydGljbGUvY2l0aWVzL211bWJhaS9tYW4tc2xpdHMtMTkteXItb2xkLWNvbGxlZ2Utc3R1ZGVudHMtdGhyb2F0LWFycmVzdGVkLTkxMTI1NjcvbGl0ZS8?oc=5&hl=en-IN&gl=IN&ceid=IN:en,https://indianexpress.com,The Indian Express,
72,1334,35,"Jarange: Heard of plans to sabotage our march to Mumbai, create trouble - The Indian Express","Jarange: Heard of plans to sabotage our march to Mumbai, create trouble  The Indian Express",2024-01-16 22:47:54,https://news.google.com/rss/articles/CBMifGh0dHBzOi8vaW5kaWFuZXhwcmVzcy5jb20vYXJ0aWNsZS9jaXRpZXMvcHVuZS9qYXJhbmdlLWhlYXJkLW9mLXBsYW5zLXRvLXNhYm90YWdlLW91ci1tYXJjaC10by1tdW1iYWktY3JlYXRlLXRyb3VibGUtOTExMjU3Mi_SAYEBaHR0cHM6Ly9pbmRpYW5leHByZXNzLmNvbS9hcnRpY2xlL2NpdGllcy9wdW5lL2phcmFuZ2UtaGVhcmQtb2YtcGxhbnMtdG8tc2Fib3RhZ2Utb3VyLW1hcmNoLXRvLW11bWJhaS1jcmVhdGUtdHJvdWJsZS05MTEyNTcyL2xpdGUv?oc=5&hl=en-IN&gl=IN&ceid=IN:en,https://indianexpress.com,The Indian Express,
73,1398,99,Express View on Delhi airport chaos: Grounded - The Indian Express,Express View on Delhi airport chaos: Grounded  The Indian Express,2024-01-17 01:30:37,https://news.google.com/rss/articles/CBMiSGh0dHBzOi8vaW5kaWFuZXhwcmVzcy5jb20vYXJ0aWNsZS9vcGluaW9uL2VkaXRvcmlhbHMvZ3JvdW5kZWQtNy05MTEyMzU0L9IBTWh0dHBzOi8vaW5kaWFuZXhwcmVzcy5jb20vYXJ0aWNsZS9vcGluaW9uL2VkaXRvcmlhbHMvZ3JvdW5kZWQtNy05MTEyMzU0L2xpdGUv?oc=5&hl=en-IN&gl=IN&ceid=IN:en,https://indianexpress.com,The Indian Express,
74,69,70,"Why, as a Christian, I support the Ram Mandir - The Indian Express","Why, as a Christian, I support the Ram Mandir  The Indian Express",2024-01-17 01:37:44,https://news.google.com/rss/articles/CBMiZmh0dHBzOi8vaW5kaWFuZXhwcmVzcy5jb20vYXJ0aWNsZS9vcGluaW9uL2NvbHVtbnMvd2h5LWFzLWEtY2hyaXN0aWFuLWktc3VwcG9ydC10aGUtcmFtLW1hbmRpci05MTEyMzgwL9IBa2h0dHBzOi8vaW5kaWFuZXhwcmVzcy5jb20vYXJ0aWNsZS9vcGluaW9uL2NvbHVtbnMvd2h5LWFzLWEtY2hyaXN0aWFuLWktc3VwcG9ydC10aGUtcmFtLW1hbmRpci05MTEyMzgwL2xpdGUv?oc=5&hl=en-IN&gl=IN&ceid=IN:en,https://indianexpress.com,The Indian Express,
75,39,40,"C Raja Mohan writes: From Davos to NAM, unravelling of the old world order, the end of peace - The Indian Express","C Raja Mohan writes: From Davos to NAM, unravelling of the old world order, the end of peace  The Indian Express",2024-01-17 02:25:26,https://news.google.com/rss/articles/CBMiggFodHRwczovL2luZGlhbmV4cHJlc3MuY29tL2FydGljbGUvb3Bpbmlvbi9jb2x1bW5zL2dsb2JhbC1zb3V0aC13ZWYtZGF2b3Mtc3VtbWl0LW5hbS1nNzctZ2xvYmFsLXBvbGl0aWNzLWluLTIwMjQtZ2xvYmFsaXNtLTkxMTIzNDEv0gGHAWh0dHBzOi8vaW5kaWFuZXhwcmVzcy5jb20vYXJ0aWNsZS9vcGluaW9uL2NvbHVtbnMvZ2xvYmFsLXNvdXRoLXdlZi1kYXZvcy1zdW1taXQtbmFtLWc3Ny1nbG9iYWwtcG9saXRpY3MtaW4tMjAyNC1nbG9iYWxpc20tOTExMjM0MS9saXRlLw?oc=5&hl=en-IN&gl=IN&ceid=IN:en,https://indianexpress.com,The Indian Express,
76,97,98,Atal Setu is bad for Mumbai — its people and ecology - The Indian Express,Atal Setu is bad for Mumbai — its people and ecology  The Indian Express,2024-01-17 02:30:39,https://news.google.com/rss/articles/CBMipQFodHRwczovL2luZGlhbmV4cHJlc3MuY29tL2FydGljbGUvb3Bpbmlvbi9jb2x1bW5zL21odGwtc2VhbGluay1pbmF1Z3VyYXRpb24tbXVtYmFpLXRyYW5zLWhhcmJvdXItbGluay1icmlkZ2UtYXRhbC1zZXR1LW5hcmVuZHJhLW1vZGktbXRobC10cmFuc3BvcnQtcGxhbm5pbmctOTExMjM0My_SAaoBaHR0cHM6Ly9pbmRpYW5leHByZXNzLmNvbS9hcnRpY2xlL29waW5pb24vY29sdW1ucy9taHRsLXNlYWxpbmstaW5hdWd1cmF0aW9uLW11bWJhaS10cmFucy1oYXJib3VyLWxpbmstYnJpZGdlLWF0YWwtc2V0dS1uYXJlbmRyYS1tb2RpLW10aGwtdHJhbnNwb3J0LXBsYW5uaW5nLTkxMTIzNDMvbGl0ZS8?oc=5&hl=en-IN&gl=IN&ceid=IN:en,https://indianexpress.com,The Indian Express,
77,89,90,"Manoj Bajpayee accepts his viral eight-pack, shirtless photo was ‘morphed’: ‘It was part of a …’ - The Indian Express","Manoj Bajpayee accepts his viral eight-pack, shirtless photo was ‘morphed’: ‘It was part of a …’  The Indian Express",2024-01-17 02:42:05,https://news.google.com/rss/articles/CBMimwFodHRwczovL2luZGlhbmV4cHJlc3MuY29tL2FydGljbGUvZW50ZXJ0YWlubWVudC9ib2xseXdvb2QvbWFub2otYmFqcGF5ZWUtYWNjZXB0cy1oaXMtdmlyYWwtZWlnaHQtcGFjay1zaGlydGxlc3MtcGhvdG8td2FzLW1vcnBoZWQtaXQtd2FzLXBhcnQtb2YtYS05MTExNzM5L9IBoAFodHRwczovL2luZGlhbmV4cHJlc3MuY29tL2FydGljbGUvZW50ZXJ0YWlubWVudC9ib2xseXdvb2QvbWFub2otYmFqcGF5ZWUtYWNjZXB0cy1oaXMtdmlyYWwtZWlnaHQtcGFjay1zaGlydGxlc3MtcGhvdG8td2FzLW1vcnBoZWQtaXQtd2FzLXBhcnQtb2YtYS05MTExNzM5L2xpdGUv?oc=5&hl=en-IN&gl=IN&ceid=IN:en,https://indianexpress.com,The Indian Express,
78,8,9,IIM Calcutta removes acting director over sexual harassment complaint - The Indian Express,IIM Calcutta removes acting director over sexual harassment complaint  The Indian Express,2024-01-17 05:03:34,https://news.google.com/rss/articles/CBMieGh0dHBzOi8vaW5kaWFuZXhwcmVzcy5jb20vYXJ0aWNsZS9jaXRpZXMva29sa2F0YS9paW0tY2FsY3V0dGEtcmVtb3Zlcy1kaXJlY3Rvci1vdmVyLXNleHVhbC1oYXJhc3NtZW50LWNvbXBsYWludC05MTEyODcwL9IBfWh0dHBzOi8vaW5kaWFuZXhwcmVzcy5jb20vYXJ0aWNsZS9jaXRpZXMva29sa2F0YS9paW0tY2FsY3V0dGEtcmVtb3Zlcy1kaXJlY3Rvci1vdmVyLXNleHVhbC1oYXJhc3NtZW50LWNvbXBsYWludC05MTEyODcwL2xpdGUv?oc=5&hl=en-IN&gl=IN&ceid=IN:en,https://indianexpress.com,The Indian Express,
79,9,10,"Raveena Tandon bristles at mention of Govinda’s declining career, defends her former co-star: ‘Bollywood has never seen an actor as talented as him’ - The Indian Express","Raveena Tandon bristles at mention of Govinda’s declining career, defends her former co-star: ‘Bollywood has never seen an actor as talented as him’  The Indian Express",2024-01-17 06:28:04,https://news.google.com/rss/articles/CBMinAFodHRwczovL2luZGlhbmV4cHJlc3MuY29tL2FydGljbGUvZW50ZXJ0YWlubWVudC9ib2xseXdvb2QvcmF2ZWVuYS10YW5kb24tYnJpc3RsZXMtYXQtbWVudGlvbi1vZi1nb3ZpbmRhLWRlY2xpbmluZy1jYXJlZXItZGVmZW5kcy1oZXItZm9ybWVyLWNvLXN0YXItOTExMjkyOC_SAaEBaHR0cHM6Ly9pbmRpYW5leHByZXNzLmNvbS9hcnRpY2xlL2VudGVydGFpbm1lbnQvYm9sbHl3b29kL3JhdmVlbmEtdGFuZG9uLWJyaXN0bGVzLWF0LW1lbnRpb24tb2YtZ292aW5kYS1kZWNsaW5pbmctY2FyZWVyLWRlZmVuZHMtaGVyLWZvcm1lci1jby1zdGFyLTkxMTI5MjgvbGl0ZS8?oc=5&hl=en-IN&gl=IN&ceid=IN:en,https://indianexpress.com,The Indian Express,
80,43,44,Google Pay partners with NPCI to expand UPI for international payments - The Indian Express,Google Pay partners with NPCI to expand UPI for international payments  The Indian Express,2024-01-17 06:29:45,https://news.google.com/rss/articles/CBMikQFodHRwczovL2luZGlhbmV4cHJlc3MuY29tL2FydGljbGUvdGVjaG5vbG9neS90ZWNoLW5ld3MtdGVjaG5vbG9neS9nb29nbGUtcGF5LXBhcnRuZXJzLXdpdGgtbnBjaS10by1leHBhbmQtdXBpLWZvci1pbnRlcm5hdGlvbmFsLXBheW1lbnRzLTkxMTI5NjAv0gGWAWh0dHBzOi8vaW5kaWFuZXhwcmVzcy5jb20vYXJ0aWNsZS90ZWNobm9sb2d5L3RlY2gtbmV3cy10ZWNobm9sb2d5L2dvb2dsZS1wYXktcGFydG5lcnMtd2l0aC1ucGNpLXRvLWV4cGFuZC11cGktZm9yLWludGVybmF0aW9uYWwtcGF5bWVudHMtOTExMjk2MC9saXRlLw?oc=5&hl=en-IN&gl=IN&ceid=IN:en,https://indianexpress.com,The Indian Express,
81,96,97,"HDFC Bank Q3 net profit up 33.5% to Rs 16,370 crore - The Indian Express","HDFC Bank Q3 net profit up 33.5% to Rs 16,370 crore  The Indian Express",2024-01-17 08:40:54,https://news.google.com/rss/articles/CBMiYmh0dHBzOi8vaW5kaWFuZXhwcmVzcy5jb20vYXJ0aWNsZS9idXNpbmVzcy9oZGZjLWJhbmstcTMtbmV0LXByb2ZpdC11cC0zMy01LXJzLTE2MzcwLWNyb3JlLTkxMTMyNDQv0gFnaHR0cHM6Ly9pbmRpYW5leHByZXNzLmNvbS9hcnRpY2xlL2J1c2luZXNzL2hkZmMtYmFuay1xMy1uZXQtcHJvZml0LXVwLTMzLTUtcnMtMTYzNzAtY3JvcmUtOTExMzI0NC9saXRlLw?oc=5&hl=en-IN&gl=IN&ceid=IN:en,https://indianexpress.com,The Indian Express,
82,73,74,"As Iran strikes militant group Jaish al-Adl bases in Pakistan, a look at who they are, their past attacks - The Indian Express","As Iran strikes militant group Jaish al-Adl bases in Pakistan, a look at who they are, their past attacks  The Indian Express",2024-01-17 09:07:17,https://news.google.com/rss/articles/CBMiYmh0dHBzOi8vaW5kaWFuZXhwcmVzcy5jb20vYXJ0aWNsZS93aGF0LWlzL3doYXQtaXMtamFpc2gtYWwtYWRsLWJvbWJlZC1ieS1pcmFuLWluLXBha2lzdGFuLTkxMTMwNzQv0gFnaHR0cHM6Ly9pbmRpYW5leHByZXNzLmNvbS9hcnRpY2xlL3doYXQtaXMvd2hhdC1pcy1qYWlzaC1hbC1hZGwtYm9tYmVkLWJ5LWlyYW4taW4tcGFraXN0YW4tOTExMzA3NC9saXRlLw?oc=5&hl=en-IN&gl=IN&ceid=IN:en,https://indianexpress.com,The Indian Express,
83,74,75,"Sriram Raghavan on Merry Christmas, its ‘clap-worthy’ climax and why comparison with Andhadhun unfair: ‘Some haven’t taken it kindly’ - The Indian Express","Sriram Raghavan on Merry Christmas, its ‘clap-worthy’ climax and why comparison with Andhadhun unfair: ‘Some haven’t taken it kindly’  The Indian Express",2024-01-17 11:03:07,https://news.google.com/rss/articles/CBMilgFodHRwczovL2luZGlhbmV4cHJlc3MuY29tL2FydGljbGUvZW50ZXJ0YWlubWVudC9ib2xseXdvb2Qvc3JpcmFtLXJhZ2hhdmFuLW1lcnJ5LWNocmlzdG1hcy1jbGFwLXdvcnRoeS1jbGltYXgtY29tcGFyaXNvbi13aXRoLWFuZGhhZGh1bi11bmZhaXItOTExMzA3Ni_SAZsBaHR0cHM6Ly9pbmRpYW5leHByZXNzLmNvbS9hcnRpY2xlL2VudGVydGFpbm1lbnQvYm9sbHl3b29kL3NyaXJhbS1yYWdoYXZhbi1tZXJyeS1jaHJpc3RtYXMtY2xhcC13b3J0aHktY2xpbWF4LWNvbXBhcmlzb24td2l0aC1hbmRoYWRodW4tdW5mYWlyLTkxMTMwNzYvbGl0ZS8?oc=5&hl=en-IN&gl=IN&ceid=IN:en,https://indianexpress.com,The Indian Express,
84,95,96,"CUET PG 2024: New test centres added at Gurugram, Srinagar - The Indian Express","CUET PG 2024: New test centres added at Gurugram, Srinagar  The Indian Express",2024-01-17 13:18:43,https://news.google.com/rss/articles/CBMibWh0dHBzOi8vaW5kaWFuZXhwcmVzcy5jb20vYXJ0aWNsZS9lZHVjYXRpb24vY3VldC1wZy0yMDI0LW5ldy10ZXN0LWNlbnRyZXMtYWRkZWQtYXQtZ3VydWdyYW0tc3JpbmFnYXItOTExMzk2MC_SAXJodHRwczovL2luZGlhbmV4cHJlc3MuY29tL2FydGljbGUvZWR1Y2F0aW9uL2N1ZXQtcGctMjAyNC1uZXctdGVzdC1jZW50cmVzLWFkZGVkLWF0LWd1cnVncmFtLXNyaW5hZ2FyLTkxMTM5NjAvbGl0ZS8?oc=5&hl=en-IN&gl=IN&ceid=IN:en,https://indianexpress.com,The Indian Express,
85,86,87,"UPSC Essentials | Daily subject-wise quiz — Environment, Geography, Science and Technology (Week 41) - The Indian Express","UPSC Essentials | Daily subject-wise quiz — Environment, Geography, Science and Technology (Week 41)  The Indian Express",2024-01-17 13:20:56,https://news.google.com/rss/articles/CBMirAFodHRwczovL2luZGlhbmV4cHJlc3MuY29tL2FydGljbGUvdXBzYy1jdXJyZW50LWFmZmFpcnMvdXBzYy1lc3NlbnRpYWxzL3Vwc2MtZXNzZW50aWFscy1kYWlseS1zdWJqZWN0LXdpc2UtcXVpei1lbnZpcm9ubWVudC1nZW9ncmFwaHktc2NpZW5jZS1hbmQtdGVjaG5vbG9neS13ZWVrLTQxLTkxMTM5NDIv0gGxAWh0dHBzOi8vaW5kaWFuZXhwcmVzcy5jb20vYXJ0aWNsZS91cHNjLWN1cnJlbnQtYWZmYWlycy91cHNjLWVzc2VudGlhbHMvdXBzYy1lc3NlbnRpYWxzLWRhaWx5LXN1YmplY3Qtd2lzZS1xdWl6LWVudmlyb25tZW50LWdlb2dyYXBoeS1zY2llbmNlLWFuZC10ZWNobm9sb2d5LXdlZWstNDEtOTExMzk0Mi9saXRlLw?oc=5&hl=en-IN&gl=IN&ceid=IN:en,https://indianexpress.com,The Indian Express,
86,64,65,Hanu Man actor Teja Sajja on the responsibility of a pan-Indian film: ‘We wanted it to look as grand as possible…’ - The Indian Express,Hanu Man actor Teja Sajja on the responsibility of a pan-Indian film: ‘We wanted it to look as grand as possible…’  The Indian Express,2024-01-17 16:17:31,https://news.google.com/rss/articles/CBMirgFodHRwczovL2luZGlhbmV4cHJlc3MuY29tL2FydGljbGUvZW50ZXJ0YWlubWVudC90ZWx1Z3UvaGFudS1tYW4tYWN0b3ItdGVqYS1zYWpqYS1vbi10aGUtcmVzcG9uc2liaWxpdHktb2YtYS1wYW4taW5kaWFuLWZpbG0td2Utd2FudGVkLWl0LXRvLWxvb2stYXMtZ3JhbmQtYXMtcG9zc2libGUtOTExNDE1My_SAbMBaHR0cHM6Ly9pbmRpYW5leHByZXNzLmNvbS9hcnRpY2xlL2VudGVydGFpbm1lbnQvdGVsdWd1L2hhbnUtbWFuLWFjdG9yLXRlamEtc2FqamEtb24tdGhlLXJlc3BvbnNpYmlsaXR5LW9mLWEtcGFuLWluZGlhbi1maWxtLXdlLXdhbnRlZC1pdC10by1sb29rLWFzLWdyYW5kLWFzLXBvc3NpYmxlLTkxMTQxNTMvbGl0ZS8?oc=5&hl=en-IN&gl=IN&ceid=IN:en,https://indianexpress.com,The Indian Express,
87,672,73,"Near Ram temple, 21 youths train and compete to become its priests - The Indian Express","Near Ram temple, 21 youths train and compete to become its priests  The Indian Express",2024-01-17 22:40:06,https://news.google.com/rss/articles/CBMie2h0dHBzOi8vaW5kaWFuZXhwcmVzcy5jb20vYXJ0aWNsZS9jaXRpZXMvbHVja25vdy9uZWFyLXJhbS10ZW1wbGUtMjEteW91dGhzLXRyYWluLWFuZC1jb21wZXRlLXRvLWJlY29tZS1pdHMtcHJpZXN0cy05MTE0NjQ3L9IBgAFodHRwczovL2luZGlhbmV4cHJlc3MuY29tL2FydGljbGUvY2l0aWVzL2x1Y2tub3cvbmVhci1yYW0tdGVtcGxlLTIxLXlvdXRocy10cmFpbi1hbmQtY29tcGV0ZS10by1iZWNvbWUtaXRzLXByaWVzdHMtOTExNDY0Ny9saXRlLw?oc=5&hl=en-IN&gl=IN&ceid=IN:en,https://indianexpress.com,The Indian Express,
88,77,78,Express View on ASER report: Cues for reform - The Indian Express,Express View on ASER report: Cues for reform  The Indian Express,2024-01-18 01:25:51,https://news.google.com/rss/articles/CBMiaWh0dHBzOi8vaW5kaWFuZXhwcmVzcy5jb20vYXJ0aWNsZS9vcGluaW9uL2VkaXRvcmlhbHMvZXhwcmVzcy12aWV3LW9uLWFzZXItcmVwb3J0LWN1ZXMtZm9yLXJlZm9ybS05MTE0MzYyL9IBbmh0dHBzOi8vaW5kaWFuZXhwcmVzcy5jb20vYXJ0aWNsZS9vcGluaW9uL2VkaXRvcmlhbHMvZXhwcmVzcy12aWV3LW9uLWFzZXItcmVwb3J0LWN1ZXMtZm9yLXJlZm9ybS05MTE0MzYyL2xpdGUv?oc=5&hl=en-IN&gl=IN&ceid=IN:en,https://indianexpress.com,The Indian Express,
89,68,69,"Manoj Bajpayee says daughter Ava, wife Shabana fight with him for not spending time at home: ‘My kid says I don’t know anything about her life’ - The Indian Express","Manoj Bajpayee says daughter Ava, wife Shabana fight with him for not spending time at home: ‘My kid says I don’t know anything about her life’  The Indian Express",2024-01-18 02:46:36,https://news.google.com/rss/articles/CBMizQFodHRwczovL2luZGlhbmV4cHJlc3MuY29tL2FydGljbGUvZW50ZXJ0YWlubWVudC9ib2xseXdvb2QvbWFub2otYmFqcGF5ZWUtc2F5cy1kYXVnaHRlci1hdmEtd2lmZS1zaGFiYW5hLWZpZ2h0LXdpdGgtaGltLWZvci1ub3Qtc3BlbmRpbmctdGltZS1hdC1ob21lLW15LWtpZC1zYXlzLWktZG9udC1rbm93LWFueXRoaW5nLWFib3V0LWhlci1saWZlLTkxMTM0MTQv0gHSAWh0dHBzOi8vaW5kaWFuZXhwcmVzcy5jb20vYXJ0aWNsZS9lbnRlcnRhaW5tZW50L2JvbGx5d29vZC9tYW5vai1iYWpwYXllZS1zYXlzLWRhdWdodGVyLWF2YS13aWZlLXNoYWJhbmEtZmlnaHQtd2l0aC1oaW0tZm9yLW5vdC1zcGVuZGluZy10aW1lLWF0LWhvbWUtbXkta2lkLXNheXMtaS1kb250LWtub3ctYW55dGhpbmctYWJvdXQtaGVyLWxpZmUtOTExMzQxNC9saXRlLw?oc=5&hl=en-IN&gl=IN&ceid=IN:en,https://indianexpress.com,The Indian Express,
90,84,85,"Pankaj Tripathi says ‘itna acting nahi karna chahiye’ as he cuts down work: ‘On Stree 2 set, Amar Kaushik told me I was acting like Atal Bihari Vajpayee’ - The Indian Express","Pankaj Tripathi says ‘itna acting nahi karna chahiye’ as he cuts down work: ‘On Stree 2 set, Amar Kaushik told me I was acting like Atal Bihari Vajpayee’  The Indian Express",2024-01-18 02:46:47,https://news.google.com/rss/articles/CBMi1gFodHRwczovL2luZGlhbmV4cHJlc3MuY29tL2FydGljbGUvZW50ZXJ0YWlubWVudC9ib2xseXdvb2QvcGFua2FqLXRyaXBhdGhpLXNheXMtaXRuYS1hY3RpbmctbmFoaS1rYXJuYS1jaGFoaXllLWFzLWhlLWN1dHMtZG93bi13b3JrLW9uLXN0cmVlLTItc2V0LWFtYXIta2F1c2hpay10b2xkLW1lLWktd2FzLWFjdGluZy1saWtlLWF0YWwtYmloYXJpLXZhanBheWVlLTkxMTMxMzUv0gHbAWh0dHBzOi8vaW5kaWFuZXhwcmVzcy5jb20vYXJ0aWNsZS9lbnRlcnRhaW5tZW50L2JvbGx5d29vZC9wYW5rYWotdHJpcGF0aGktc2F5cy1pdG5hLWFjdGluZy1uYWhpLWthcm5hLWNoYWhpeWUtYXMtaGUtY3V0cy1kb3duLXdvcmstb24tc3RyZWUtMi1zZXQtYW1hci1rYXVzaGlrLXRvbGQtbWUtaS13YXMtYWN0aW5nLWxpa2UtYXRhbC1iaWhhcmktdmFqcGF5ZWUtOTExMzEzNS9saXRlLw?oc=5&hl=en-IN&gl=IN&ceid=IN:en,https://indianexpress.com,The Indian Express,
91,2,3,"Deepika Padukone wins Koffee award for her ‘brave’ episode, Varun Dhawan gets a prize for calling Karan Johar ‘ghar tode’ - The Indian Express","Deepika Padukone wins Koffee award for her ‘brave’ episode, Varun Dhawan gets a prize for calling Karan Johar ‘ghar tode’  The Indian Express",2024-01-18 04:14:26,https://news.google.com/rss/articles/CBMitwFodHRwczovL2luZGlhbmV4cHJlc3MuY29tL2FydGljbGUvZW50ZXJ0YWlubWVudC9ib2xseXdvb2QvZGVlcGlrYS1wYWR1a29uZS13aW5zLWtvZmZlZS1hd2FyZC1mb3ItaGVyLWJyYXZlLWVwaXNvZGUtdmFydW4tZGhhd2FuLWdldHMtYS1wcml6ZS1mb3ItY2FsbGluZy1rYXJhbi1qb2hhci1naGFyLXRvZGUtOTExNDg2OC_SAbwBaHR0cHM6Ly9pbmRpYW5leHByZXNzLmNvbS9hcnRpY2xlL2VudGVydGFpbm1lbnQvYm9sbHl3b29kL2RlZXBpa2EtcGFkdWtvbmUtd2lucy1rb2ZmZWUtYXdhcmQtZm9yLWhlci1icmF2ZS1lcGlzb2RlLXZhcnVuLWRoYXdhbi1nZXRzLWEtcHJpemUtZm9yLWNhbGxpbmcta2FyYW4tam9oYXItZ2hhci10b2RlLTkxMTQ4NjgvbGl0ZS8?oc=5&hl=en-IN&gl=IN&ceid=IN:en,https://indianexpress.com,The Indian Express,
92,3,4,"Pakistan military says it used drones, rockets to hit militant groups in Iran - The Indian Express","Pakistan military says it used drones, rockets to hit militant groups in Iran  The Indian Express",2024-01-18 04:29:50,https://news.google.com/rss/articles/CBMiXWh0dHBzOi8vaW5kaWFuZXhwcmVzcy5jb20vYXJ0aWNsZS9wYWtpc3Rhbi9wYWtpc3Rhbi1yZXRhaWxpYXRlcy1pcmFuLW1pc3NpbGUtc3RyaWtlcy05MTE0OTYzL9IBYmh0dHBzOi8vaW5kaWFuZXhwcmVzcy5jb20vYXJ0aWNsZS9wYWtpc3Rhbi9wYWtpc3Rhbi1yZXRhaWxpYXRlcy1pcmFuLW1pc3NpbGUtc3RyaWtlcy05MTE0OTYzL2xpdGUv?oc=5&hl=en-IN&gl=IN&ceid=IN:en,https://indianexpress.com,The Indian Express,
93,94,95,"Iran strikes Pakistan: Understand actions that countries take in self defence, says MEA - The Indian Express","Iran strikes Pakistan: Understand actions that countries take in self defence, says MEA  The Indian Express",2024-01-18 07:18:11,https://news.google.com/rss/articles/CBMikQFodHRwczovL2luZGlhbmV4cHJlc3MuY29tL2FydGljbGUvaW5kaWEvdW5kZXJzdGFuZC1hY3Rpb25zLXRoYXQtY291bnRyaWVzLXRha2UtaW4tc2VsZi1kZWZlbmNlLW1lYS1vbi1pcmFuaWFuLW1pc3NpbGUtc3RyaWtlLW9uLXBha2lzdGFuLTkxMTQ3NTMv0gEA?oc=5&hl=en-IN&gl=IN&ceid=IN:en,https://indianexpress.com,The Indian Express,
94,62,63,Centre issues guidelines for regulation of coaching centres - The Indian Express,Centre issues guidelines for regulation of coaching centres  The Indian Express,2024-01-18 08:23:36,https://news.google.com/rss/articles/CBMieWh0dHBzOi8vaW5kaWFuZXhwcmVzcy5jb20vYXJ0aWNsZS9lZHVjYXRpb24vbmVldC1qZWUtY2VudHJlLWlzc3Vlcy1ndWlkZWxpbmVzLWZvci1yZWd1bGF0aW9uLW9mLWNvYWNoaW5nLWNlbnRlcnMtOTExNTMyNi_SAX5odHRwczovL2luZGlhbmV4cHJlc3MuY29tL2FydGljbGUvZWR1Y2F0aW9uL25lZXQtamVlLWNlbnRyZS1pc3N1ZXMtZ3VpZGVsaW5lcy1mb3ItcmVndWxhdGlvbi1vZi1jb2FjaGluZy1jZW50ZXJzLTkxMTUzMjYvbGl0ZS8?oc=5&hl=en-IN&gl=IN&ceid=IN:en,https://indianexpress.com,The Indian Express,
95,4,5,List of Samsung phones confirmed to receive Galaxy AI features with OneUI 6.1 update - The Indian Express,List of Samsung phones confirmed to receive Galaxy AI features with OneUI 6.1 update  The Indian Express,2024-01-18 10:20:46,https://news.google.com/rss/articles/CBMicGh0dHBzOi8vaW5kaWFuZXhwcmVzcy5jb20vYXJ0aWNsZS90ZWNobm9sb2d5L21vYmlsZS10YWJzL3NhbXN1bmctcGhvbmVzLWdhbGF4eWFpLW9uZXVpLTYtcG9pbnQtMS11cGRhdGUtOTExNTU3MC_SAXVodHRwczovL2luZGlhbmV4cHJlc3MuY29tL2FydGljbGUvdGVjaG5vbG9neS9tb2JpbGUtdGFicy9zYW1zdW5nLXBob25lcy1nYWxheHlhaS1vbmV1aS02LXBvaW50LTEtdXBkYXRlLTkxMTU1NzAvbGl0ZS8?oc=5&hl=en-IN&gl=IN&ceid=IN:en,https://indianexpress.com,The Indian Express,
96,75,76,"Karnataka truckers go on indefinite strike over Centre’s hit-and-run law, to corner state govt over demands - The Indian Express","Karnataka truckers go on indefinite strike over Centre’s hit-and-run law, to corner state govt over demands  The Indian Express",2024-01-18 12:49:08,https://news.google.com/rss/articles/CBMieGh0dHBzOi8vaW5kaWFuZXhwcmVzcy5jb20vYXJ0aWNsZS9jaXRpZXMvYmFuZ2Fsb3JlL2thcm5hdGFrYS10cnVja2Vycy1nby1vbi1zdHJpa2Utb3Zlci1jZW50cmVzLWhpdC1hbmQtcnVuLWxhdy05MTE1ODUzL9IBfWh0dHBzOi8vaW5kaWFuZXhwcmVzcy5jb20vYXJ0aWNsZS9jaXRpZXMvYmFuZ2Fsb3JlL2thcm5hdGFrYS10cnVja2Vycy1nby1vbi1zdHJpa2Utb3Zlci1jZW50cmVzLWhpdC1hbmQtcnVuLWxhdy05MTE1ODUzL2xpdGUv?oc=5&hl=en-IN&gl=IN&ceid=IN:en,https://indianexpress.com,The Indian Express,
97,81,82,"‘He pulled out his gun, opened fire’: Eyewitness identifies Yasin Malik as shooter in 1990 attack that killed 4 Air Force personnel - The Indian Express","‘He pulled out his gun, opened fire’: Eyewitness identifies Yasin Malik as shooter in 1990 attack that killed 4 Air Force personnel  The Indian Express",2024-01-18 14:10:05,https://news.google.com/rss/articles/CBMiY2h0dHBzOi8vaW5kaWFuZXhwcmVzcy5jb20vYXJ0aWNsZS9pbmRpYS95YXNpbi1tYWxpay0xOTkwLWF0dGFjay1raWxsZWQtYWlyLWZvcmNlLXBlcnNvbm5lbC05MTE1OTU0L9IBaGh0dHBzOi8vaW5kaWFuZXhwcmVzcy5jb20vYXJ0aWNsZS9pbmRpYS95YXNpbi1tYWxpay0xOTkwLWF0dGFjay1raWxsZWQtYWlyLWZvcmNlLXBlcnNvbm5lbC05MTE1OTU0L2xpdGUv?oc=5&hl=en-IN&gl=IN&ceid=IN:en,https://indianexpress.com,The Indian Express,
98,79,80,"Ban on commercial release of GM crops will be against national interest, Centre tells SC - The Indian Express","Ban on commercial release of GM crops will be against national interest, Centre tells SC  The Indian Express",2024-01-18 14:40:16,https://news.google.com/rss/articles/CBMiWmh0dHBzOi8vaW5kaWFuZXhwcmVzcy5jb20vYXJ0aWNsZS9pbmRpYS9iYW4tY29tbWVyY2lhbC1yZWxlYXNlLWdtLWNyb3BzLWNlbnRyZS1zYy05MTE1OTk4L9IBX2h0dHBzOi8vaW5kaWFuZXhwcmVzcy5jb20vYXJ0aWNsZS9pbmRpYS9iYW4tY29tbWVyY2lhbC1yZWxlYXNlLWdtLWNyb3BzLWNlbnRyZS1zYy05MTE1OTk4L2xpdGUv?oc=5&hl=en-IN&gl=IN&ceid=IN:en,https://indianexpress.com,The Indian Express,
99,99,0,The last days of Osho - The Indian Express,The last days of Osho  The Indian Express,2024-01-18 15:15:39,https://news.google.com/rss/articles/CBMiTGh0dHBzOi8vaW5kaWFuZXhwcmVzcy5jb20vYXJ0aWNsZS9jaXRpZXMvcHVuZS90aGUtbGFzdC1kYXlzLW9mLW9zaG8tOTExNjA1Mi_SAVFodHRwczovL2luZGlhbmV4cHJlc3MuY29tL2FydGljbGUvY2l0aWVzL3B1bmUvdGhlLWxhc3QtZGF5cy1vZi1vc2hvLTkxMTYwNTIvbGl0ZS8?oc=5&hl=en-IN&gl=IN&ceid=IN:en,https://indianexpress.com,The Indian Express,
100,98,99,"Horoscope Today, January 19, 2024: Check astrological prediction for Leo, Virgo and other signs - The Indian Express","Horoscope Today, January 19, 2024: Check astrological prediction for Leo, Virgo and other signs  The Indian Express",2024-01-18 19:30:34,https://news.google.com/rss/articles/CBMikAFodHRwczovL2luZGlhbmV4cHJlc3MuY29tL2FydGljbGUvaG9yb3Njb3BlL2hvcm9zY29wZS10b2RheS1qYW51YXJ5LTE5LTIwMjQtY2hlY2stYXN0cm9sb2dpY2FsLXByZWRpY3Rpb24tZm9yLWxlby12aXJnby1hbmQtb3RoZXItc2lnbnMtOTExNjE5Ny_SAZUBaHR0cHM6Ly9pbmRpYW5leHByZXNzLmNvbS9hcnRpY2xlL2hvcm9zY29wZS9ob3Jvc2NvcGUtdG9kYXktamFudWFyeS0xOS0yMDI0LWNoZWNrLWFzdHJvbG9naWNhbC1wcmVkaWN0aW9uLWZvci1sZW8tdmlyZ28tYW5kLW90aGVyLXNpZ25zLTkxMTYxOTcvbGl0ZS8?oc=5&hl=en-IN&gl=IN&ceid=IN:en,https://indianexpress.com,The Indian Express,
101,91,92,"Explained: Iran, Pakistan, and the Baloch militancy - The Indian Express","Explained: Iran, Pakistan, and the Baloch militancy  The Indian Express",2024-01-19 01:46:25,https://news.google.com/rss/articles/CBMiW2h0dHBzOi8vaW5kaWFuZXhwcmVzcy5jb20vYXJ0aWNsZS9leHBsYWluZWQvaXJhbi1wYWtpc3Rhbi1hbmQtdGhlLWJhbG9jaC1taWxpdGFuY3ktOTExNjI4NC_SAWBodHRwczovL2luZGlhbmV4cHJlc3MuY29tL2FydGljbGUvZXhwbGFpbmVkL2lyYW4tcGFraXN0YW4tYW5kLXRoZS1iYWxvY2gtbWlsaXRhbmN5LTkxMTYyODQvbGl0ZS8?oc=5&hl=en-IN&gl=IN&ceid=IN:en,https://indianexpress.com,The Indian Express,
102,61,62,Dhoni fan who went viral for house painted in Chennai Super Kings colours dies by suicide - The Indian Express,Dhoni fan who went viral for house painted in Chennai Super Kings colours dies by suicide  The Indian Express,2024-01-19 02:25:03,https://news.google.com/rss/articles/CBMiaGh0dHBzOi8vaW5kaWFuZXhwcmVzcy5jb20vYXJ0aWNsZS9jaXRpZXMvY2hlbm5haS9kaG9uaS1mYW4tc3VpY2lkZS1ob3VzZS1wYWludGVkLWluLWNzay1jb2xvdXJzLTkxMTYwOTYv0gFtaHR0cHM6Ly9pbmRpYW5leHByZXNzLmNvbS9hcnRpY2xlL2NpdGllcy9jaGVubmFpL2Rob25pLWZhbi1zdWljaWRlLWhvdXNlLXBhaW50ZWQtaW4tY3NrLWNvbG91cnMtOTExNjA5Ni9saXRlLw?oc=5&hl=en-IN&gl=IN&ceid=IN:en,https://indianexpress.com,The Indian Express,
103,55,56,"Main Atal Hoon movie review: Pankaj Tripathi nails Atal Bihari Vajpayee, but can’t save this reductive film - The Indian Express","Main Atal Hoon movie review: Pankaj Tripathi nails Atal Bihari Vajpayee, but can’t save this reductive film  The Indian Express",2024-01-19 05:30:01,https://news.google.com/rss/articles/CBMirgFodHRwczovL2luZGlhbmV4cHJlc3MuY29tL2FydGljbGUvZW50ZXJ0YWlubWVudC9tb3ZpZS1yZXZpZXcvbWFpbi1hdGFsLWhvb24tbW92aWUtcmV2aWV3LXBhbmthai10cmlwYXRoaS1uYWlscy1hdGFsLWJpaGFyaS12YWpwYXllZS1idXQtY2FudC1zYXZlLXRoaXMtcmVkdWN0aXZlLWZpbG0tOTExNjY5NS_SAbMBaHR0cHM6Ly9pbmRpYW5leHByZXNzLmNvbS9hcnRpY2xlL2VudGVydGFpbm1lbnQvbW92aWUtcmV2aWV3L21haW4tYXRhbC1ob29uLW1vdmllLXJldmlldy1wYW5rYWotdHJpcGF0aGktbmFpbHMtYXRhbC1iaWhhcmktdmFqcGF5ZWUtYnV0LWNhbnQtc2F2ZS10aGlzLXJlZHVjdGl2ZS1maWxtLTkxMTY2OTUvbGl0ZS8?oc=5&hl=en-IN&gl=IN&ceid=IN:en,https://indianexpress.com,The Indian Express,
104,40,41,"‘Many Ayodhyas, but name of Ram’s birthplace same in all versions of Ramayana’ - The Indian Express","‘Many Ayodhyas, but name of Ram’s birthplace same in all versions of Ramayana’  The Indian Express",2024-01-19 07:17:47,https://news.google.com/rss/articles/CBMifmh0dHBzOi8vaW5kaWFuZXhwcmVzcy5jb20vYXJ0aWNsZS9yZXNlYXJjaC9tYW55LWF5b2RoeWFzLWJ1dC1uYW1lLW9mLXJhbXMtYmlydGhwbGFjZS1zYW1lLWluLWFsbC12ZXJzaW9ucy1vZi1yYW1heWFuYS05MTE2ODI3L9IBgwFodHRwczovL2luZGlhbmV4cHJlc3MuY29tL2FydGljbGUvcmVzZWFyY2gvbWFueS1heW9kaHlhcy1idXQtbmFtZS1vZi1yYW1zLWJpcnRocGxhY2Utc2FtZS1pbi1hbGwtdmVyc2lvbnMtb2YtcmFtYXlhbmEtOTExNjgyNy9saXRlLw?oc=5&hl=en-IN&gl=IN&ceid=IN:en,https://indianexpress.com,The Indian Express,
105,85,86,"NEET UG Toppers’ Tips: ‘Give mock tests, analyse mistakes and work on them’ - The Indian Express","NEET UG Toppers’ Tips: ‘Give mock tests, analyse mistakes and work on them’  The Indian Express",2024-01-19 08:35:25,https://news.google.com/rss/articles/CBMihwFodHRwczovL2luZGlhbmV4cHJlc3MuY29tL2FydGljbGUvZWR1Y2F0aW9uL25lZXQtdWctMjAyNC10b3BwZXJzLXRpcHMtYW5hbHlzZS1taXN0YWtlcy1haXItMzctc2hhcmVzLXByZXBhcmF0aW9uLXN0cmF0ZWd5LTkxMTQ3MjIvbGl0ZS_SAYcBaHR0cHM6Ly9pbmRpYW5leHByZXNzLmNvbS9hcnRpY2xlL2VkdWNhdGlvbi9uZWV0LXVnLTIwMjQtdG9wcGVycy10aXBzLWFuYWx5c2UtbWlzdGFrZXMtYWlyLTM3LXNoYXJlcy1wcmVwYXJhdGlvbi1zdHJhdGVneS05MTE0NzIyL2xpdGUv?oc=5&hl=en-IN&gl=IN&ceid=IN:en,https://indianexpress.com,The Indian Express,
106,66,67,"After Special 26 and Aiyaary, Manoj Bajpayee-Neeraj Pandey to reunite: ‘We’ve been trying to do something together…’ - The Indian Express","After Special 26 and Aiyaary, Manoj Bajpayee-Neeraj Pandey to reunite: ‘We’ve been trying to do something together…’  The Indian Express",2024-01-19 13:00:06,https://news.google.com/rss/articles/CBMisQFodHRwczovL2luZGlhbmV4cHJlc3MuY29tL2FydGljbGUvZW50ZXJ0YWlubWVudC9ib2xseXdvb2QvYWZ0ZXItc3BlY2lhbC0yNi1hbmQtYWl5YWFyeS1tYW5vai1iYWpwYXllZS1uZWVyYWotcGFuZGV5LXRvLXJldW5pdGUtd2V2ZS1iZWVuLXRyeWluZy10by1kby1zb21ldGhpbmctdG9nZXRoZXItOTExNzI1MC_SAbYBaHR0cHM6Ly9pbmRpYW5leHByZXNzLmNvbS9hcnRpY2xlL2VudGVydGFpbm1lbnQvYm9sbHl3b29kL2FmdGVyLXNwZWNpYWwtMjYtYW5kLWFpeWFhcnktbWFub2otYmFqcGF5ZWUtbmVlcmFqLXBhbmRleS10by1yZXVuaXRlLXdldmUtYmVlbi10cnlpbmctdG8tZG8tc29tZXRoaW5nLXRvZ2V0aGVyLTkxMTcyNTAvbGl0ZS8?oc=5&hl=en-IN&gl=IN&ceid=IN:en,https://indianexpress.com,The Indian Express,
107,82,83,UPSC Essentials | Daily subject-wise quiz : International Relations (Week 41) - The Indian Express,UPSC Essentials | Daily subject-wise quiz : International Relations (Week 41)  The Indian Express,2024-01-19 13:38:31,https://news.google.com/rss/articles/CBMilwFodHRwczovL2luZGlhbmV4cHJlc3MuY29tL2FydGljbGUvdXBzYy1jdXJyZW50LWFmZmFpcnMvdXBzYy1lc3NlbnRpYWxzL3Vwc2MtZXNzZW50aWFscy1kYWlseS1zdWJqZWN0LXdpc2UtcXVpei1pbnRlcm5hdGlvbmFsLXJlbGF0aW9ucy13ZWVrLTQxLTkxMTc2NDUv0gGcAWh0dHBzOi8vaW5kaWFuZXhwcmVzcy5jb20vYXJ0aWNsZS91cHNjLWN1cnJlbnQtYWZmYWlycy91cHNjLWVzc2VudGlhbHMvdXBzYy1lc3NlbnRpYWxzLWRhaWx5LXN1YmplY3Qtd2lzZS1xdWl6LWludGVybmF0aW9uYWwtcmVsYXRpb25zLXdlZWstNDEtOTExNzY0NS9saXRlLw?oc=5&hl=en-IN&gl=IN&ceid=IN:en,https://indianexpress.com,The Indian Express,
